season,team,opening_day_payroll_usd,wins,prorated_wins,dollars_per_win,made_playoffs
2000,Minnesota Twins,16519500,69,69.0,239413.0434782609,False
2000,Miami Marlins,20072000,79,79.0,254075.9493670886,False
2000,Kansas City Royals,23433000,77,77.0,304324.67532467534,False
2000,Chicago White Sox,31133500,95,95.0,327721.05263157893,True
2000,Oakland Athletics,31971333,91,91.0,351333.3296703297,True
2000,Pittsburgh Pirates,28928333,69,69.0,419251.2028985507,False
2000,Milwaukee Brewers,36505333,73,73.0,500073.05479452055,False
2000,Washington Nationals,34807833,67,67.0,519519.8955223881,False
2000,Cincinnati Reds,46867200,85,85.0,551378.8235294118,False
2000,San Francisco Giants,53737826,97,97.0,553998.206185567,True
2000,Toronto Blue Jays,46238333,83,83.0,557088.3493975904,False
2000,Los Angeles Angels,51464167,82,82.0,627611.7926829269,False
2000,St. Louis Cardinals,61453863,95,95.0,646882.7684210526,True
2000,Seattle Mariners,58915000,91,91.0,647417.5824175824,True
2000,Houston Astros,51289111,72,72.0,712348.7638888889,False
2000,San Diego Padres,54821000,76,76.0,721328.947368421,False
2000,Philadelphia Phillies,47308000,65,65.0,727815.3846153846,False
2000,Detroit Tigers,58265167,79,79.0,737533.7594936709,False
2000,Colorado Rockies,61111190,82,82.0,745258.4146341464,False
2000,Cleveland Guardians,75880871,90,90.0,843120.7888888889,False
2000,New York Mets,79509776,94,94.0,845848.6808510638,True
2000,Atlanta Braves,84537836,95,95.0,889871.9578947368,True
2000,Tampa Bay Rays,62765129,69,69.0,909639.5507246376,False
2000,Boston Red Sox,77940333,85,85.0,916945.094117647,False
2000,Chicago Cubs,60539333,65,65.0,931374.3538461538,False
2000,Arizona Diamondbacks,81027833,85,85.0,953268.6235294116,False
2000,Texas Rangers,70795921,71,71.0,997125.647887324,False
2000,Los Angeles Dodgers,88124286,86,86.0,1024701.0,False
2000,New York Yankees,92538260,87,87.0,1063658.1609195403,True
2000,Baltimore Orioles,81447435,74,74.0,1100641.0135135136,False
2001,Minnesota Twins,24350000,85,85.0,286470.5882352941,False
2001,Oakland Athletics,33810750,102,102.0,331477.9411764706,True
2001,Miami Marlins,35504167,76,76.0,467160.09210526315,False
2001,Philadelphia Phillies,41664167,86,86.0,484467.0581395349,False
2001,San Diego Padres,38333117,79,79.0,485229.32911392406,False
2001,Washington Nationals,34774500,68,68.0,511389.70588235295,False
2001,Kansas City Royals,35643000,65,65.0,548353.8461538461,False
2001,Los Angeles Angels,46568180,75,75.0,620909.0666666667,False
2001,Milwaukee Brewers,43089333,68,68.0,633666.6617647059,False
2001,Houston Astros,60382667,93,93.0,649275.9892473118,True
2001,Seattle Mariners,75652500,116,116.0,652176.724137931,True
2001,Cincinnati Reds,45227882,66,66.0,685270.9393939395,False
2001,San Francisco Giants,63332667,90,90.0,703696.3,False
2001,Chicago Cubs,64015833,88,88.0,727452.6477272727,False
2001,Chicago White Sox,62363000,83,83.0,751361.4457831326,False
2001,Detroit Tigers,49831167,66,66.0,755017.6818181818,False
2001,St. Louis Cardinals,77270855,93,93.0,830869.4086021505,True
2001,Pittsburgh Pirates,52698333,62,62.0,849973.1129032258,False
2001,Arizona Diamondbacks,81206513,92,92.0,882679.4891304348,True
2001,Tampa Bay Rays,54951602,62,62.0,886316.1612903225,False
2001,Toronto Blue Jays,75798500,80,80.0,947481.25,False
2001,Colorado Rockies,71068000,73,73.0,973534.2465753424,False
2001,Cleveland Guardians,91974979,91,91.0,1010714.0549450548,True
2001,Atlanta Braves,91851687,88,88.0,1043769.1704545454,True
2001,New York Mets,93174428,82,82.0,1136273.512195122,False
2001,Baltimore Orioles,72426328,63,63.0,1149624.253968254,False
2001,New York Yankees,109791893,95,95.0,1155704.1368421053,True
2001,Texas Rangers,88504421,73,73.0,1212389.3287671234,False
2001,Los Angeles Dodgers,108980952,86,86.0,1267220.3720930233,False
2001,Boston Red Sox,109558908,82,82.0,1336084.243902439,False
2002,Oakland Athletics,39679746,103,103.0,385240.2524271845,True
2002,Minnesota Twins,40225000,94,94.0,427925.5319148936,True
2002,Washington Nationals,38670500,83,83.0,465909.6385542169,False
2002,Miami Marlins,41979917,79,79.0,531391.3544303797,False
2002,Cincinnati Reds,45050390,78,78.0,577569.1025641026,False
2002,Pittsburgh Pirates,42323598,72,72.0,587827.75,False
2002,Los Angeles Angels,61721667,99,99.0,623451.1818181818,True
2002,Tampa Bay Rays,34380000,55,55.0,625090.9090909091,False
2002,San Diego Padres,41425000,66,66.0,627651.5151515151,False
2002,Chicago White Sox,57052833,81,81.0,704355.9629629629,False
2002,Philadelphia Phillies,57955000,80,80.0,724437.5,False
2002,Houston Astros,63448417,84,84.0,755338.2976190476,False
2002,Kansas City Royals,47257000,62,62.0,762209.6774193548,False
2002,St. Louis Cardinals,74098267,97,97.0,763899.6597938144,True
2002,Colorado Rockies,56851043,73,73.0,778781.4109589041,False
2002,San Francisco Giants,78299835,95,95.0,824208.7894736842,True
2002,Seattle Mariners,80282668,93,93.0,863254.4946236559,False
2002,Milwaukee Brewers,50287833,56,56.0,897997.0178571428,False
2002,Baltimore Orioles,60493487,67,67.0,902887.8656716418,False
2002,Atlanta Braves,93470367,101,101.0,925449.1782178218,True
2002,Toronto Blue Jays,76864333,78,78.0,985440.1666666666,False
2002,Detroit Tigers,55048000,55,55.0,1000872.7272727272,False
2002,Los Angeles Dodgers,94850952,92,92.0,1030988.6086956522,False
2002,Arizona Diamondbacks,102820000,98,98.0,1049183.6734693877,True
2002,Cleveland Guardians,78909448,74,74.0,1066343.8918918918,False
2002,Chicago Cubs,75690833,67,67.0,1129713.9253731344,False
2002,Boston Red Sox,108366060,93,93.0,1165226.4516129033,False
2002,New York Yankees,125928583,103,103.0,1222607.6019417476,True
2002,New York Mets,94633593,75,75.0,1261781.24,False
2002,Texas Rangers,105302124,72,72.0,1462529.5,False
2003,Tampa Bay Rays,19630000,63,63.0,311587.3015873016,False
2003,Kansas City Royals,40518000,83,83.0,488168.6746987952,False
2003,Oakland Athletics,50260834,96,96.0,523550.3541666667,True
2003,Miami Marlins,49050000,91,91.0,539010.989010989,True
2003,Chicago White Sox,51010000,86,86.0,593139.5348837209,False
2003,Toronto Blue Jays,51269000,86,86.0,596151.1627906977,False
2003,Milwaukee Brewers,40627000,68,68.0,597455.8823529412,False
2003,Minnesota Twins,55505000,90,90.0,616722.2222222222,True
2003,Washington Nationals,51948500,83,83.0,625885.5421686746,False
2003,Cleveland Guardians,48584834,68,68.0,714482.8529411765,False
2003,Pittsburgh Pirates,54812429,75,75.0,730832.3866666667,False
2003,San Diego Padres,47928000,64,64.0,748875.0,False
2003,Houston Astros,71040000,87,87.0,816551.724137931,False
2003,Philadelphia Phillies,70780000,86,86.0,823023.2558139535,False
2003,San Francisco Giants,82852167,100,100.0,828521.67,True
2003,Cincinnati Reds,59355667,69,69.0,860227.0579710145,False
2003,Chicago Cubs,79868333,88,88.0,907594.6931818182,True
2003,Colorado Rockies,67179667,74,74.0,907833.337837838,False
2003,Seattle Mariners,86959167,93,93.0,935044.8064516129,False
2003,Arizona Diamondbacks,80640333,84,84.0,960003.9642857144,False
2003,St. Louis Cardinals,83486666,85,85.0,982196.0705882352,False
2003,Los Angeles Angels,79031667,77,77.0,1026385.2857142856,False
2003,Baltimore Orioles,73877500,71,71.0,1040528.1690140844,False
2003,Atlanta Braves,106243667,101,101.0,1051917.495049505,True
2003,Boston Red Sox,99946500,95,95.0,1052068.4210526317,True
2003,Detroit Tigers,49168000,43,43.0,1143441.8604651163,False
2003,Los Angeles Dodgers,105872620,85,85.0,1245560.2352941176,False
2003,Texas Rangers,103491667,71,71.0,1457629.1126760563,False
2003,New York Yankees,152749814,101,101.0,1512374.396039604,True
2003,New York Mets,117176429,66,66.0,1775400.4393939397,False
2004,Milwaukee Brewers,27518500,67,67.0,410723.8805970149,False
2004,Tampa Bay Rays,29506667,70,70.0,421523.8142857143,False
2004,Cleveland Guardians,34569300,80,80.0,432116.25,False
2004,Pittsburgh Pirates,32227929,72,72.0,447610.125,False
2004,Miami Marlins,42118042,83,83.0,507446.2891566265,False
2004,Cincinnati Reds,43067858,76,76.0,566682.3421052631,False
2004,Minnesota Twins,53585000,92,92.0,582445.6521739131,True
2004,Texas Rangers,54825973,89,89.0,616022.1685393258,False
2004,San Diego Padres,54639503,87,87.0,628040.264367816,False
2004,Detroit Tigers,46353554,72,72.0,643799.3611111111,False
2004,Washington Nationals,43197500,67,67.0,644738.8059701492,False
2004,Baltimore Orioles,51212653,78,78.0,656572.4743589744,False
2004,Oakland Athletics,59825167,91,91.0,657419.4175824176,False
2004,St. Louis Cardinals,75633517,105,105.0,720319.2095238095,True
2004,Toronto Blue Jays,50017000,67,67.0,746522.3880597015,False
2004,Chicago White Sox,65212500,83,83.0,785692.7710843374,False
2004,Houston Astros,74666303,92,92.0,811590.25,True
2004,Kansas City Royals,47609000,58,58.0,820844.8275862068,False
2004,San Francisco Giants,82019167,91,91.0,901309.5274725276,False
2004,Atlanta Braves,88507788,96,96.0,921956.125,True
2004,Colorado Rockies,64590403,68,68.0,949858.8676470588,False
2004,Los Angeles Dodgers,89694342,93,93.0,964455.2903225806,True
2004,Chicago Cubs,91101667,89,89.0,1023614.2359550562,False
2004,Philadelphia Phillies,93219167,86,86.0,1083943.8023255814,False
2004,Los Angeles Angels,101084667,92,92.0,1098746.3804347827,True
2004,Boston Red Sox,125208542,98,98.0,1277638.1836734691,True
2004,Seattle Mariners,81543833,63,63.0,1294346.5555555555,False
2004,Arizona Diamondbacks,70204984,51,51.0,1376568.31372549,False
2004,New York Mets,100629303,71,71.0,1417314.126760563,False
2004,New York Yankees,182835513,101,101.0,1810252.603960396,True
2005,Tampa Bay Rays,29893567,67,67.0,446172.6417910448,False
2005,Cleveland Guardians,41830400,93,93.0,449789.247311828,False
2005,Milwaukee Brewers,40234833,81,81.0,496726.3333333333,False
2005,Toronto Blue Jays,45336500,80,80.0,566706.25,False
2005,Pittsburgh Pirates,38138000,67,67.0,569223.8805970149,False
2005,Washington Nationals,48581500,81,81.0,599771.6049382716,False
2005,Oakland Athletics,55869262,88,88.0,634877.9772727273,False
2005,Kansas City Royals,36881000,56,56.0,658589.2857142857,False
2005,Minnesota Twins,56615000,83,83.0,682108.4337349398,False
2005,Texas Rangers,55307258,79,79.0,700091.8734177215,False
2005,Colorado Rockies,47789000,67,67.0,713268.6567164179,False
2005,Miami Marlins,60375961,83,83.0,727421.2168674698,False
2005,Chicago White Sox,75228000,99,99.0,759878.7878787878,True
2005,San Diego Padres,62888192,82,82.0,766929.1707317074,True
2005,Cincinnati Reds,59658275,73,73.0,817236.6438356164,False
2005,Arizona Diamondbacks,63015834,77,77.0,818387.4545454546,False
2005,Houston Astros,76779022,89,89.0,862685.6404494382,True
2005,St. Louis Cardinals,93319842,100,100.0,933198.42,True
2005,Atlanta Braves,85148582,90,90.0,946095.3555555556,True
2005,Detroit Tigers,68998183,71,71.0,971805.3943661972,False
2005,Los Angeles Angels,95017822,95,95.0,1000187.6,True
2005,Baltimore Orioles,74570539,74,74.0,1007709.9864864864,False
2005,Philadelphia Phillies,95337908,88,88.0,1083385.318181818,False
2005,Chicago Cubs,87210933,79,79.0,1103935.8607594937,False
2005,Los Angeles Dodgers,81029500,71,71.0,1141260.5633802817,False
2005,San Francisco Giants,89487842,75,75.0,1193171.2266666666,False
2005,Seattle Mariners,85883333,69,69.0,1244685.9855072463,False
2005,New York Mets,104770139,83,83.0,1262290.8313253012,False
2005,Boston Red Sox,121311945,95,95.0,1276967.8421052631,True
2005,New York Yankees,205938439,95,95.0,2167773.042105263,True
2006,Miami Marlins,14998500,78,78.0,192288.46153846153,False
2006,Colorado Rockies,41233000,76,76.0,542539.4736842106,False
2006,Tampa Bay Rays,35417967,61,61.0,580622.4098360656,False
2006,Minnesota Twins,63396006,96,96.0,660375.0625,True
2006,Oakland Athletics,62243079,93,93.0,669280.4193548387,True
2006,Pittsburgh Pirates,46717750,67,67.0,697279.8507462686,False
2006,Cleveland Guardians,56031500,78,78.0,718352.5641025641,False
2006,Cincinnati Reds,60909519,80,80.0,761368.9875,False
2006,Kansas City Royals,47294000,62,62.0,762806.4516129033,False
2006,Milwaukee Brewers,57568333,75,75.0,767577.7733333333,False
2006,Arizona Diamondbacks,59684226,76,76.0,785318.7631578947,False
2006,San Diego Padres,69896141,88,88.0,794274.3295454546,True
2006,Toronto Blue Jays,71915000,87,87.0,826609.1954022988,False
2006,Texas Rangers,68228662,80,80.0,852858.275,False
2006,Detroit Tigers,82612866,95,95.0,869609.1157894736,True
2006,Washington Nationals,63143000,71,71.0,889338.0281690141,False
2006,Baltimore Orioles,72585582,70,70.0,1036936.8857142857,False
2006,Philadelphia Phillies,88273333,85,85.0,1038509.8,False
2006,New York Mets,101084963,97,97.0,1042113.0206185566,True
2006,St. Louis Cardinals,88891371,83,83.0,1070980.373493976,True
2006,Los Angeles Dodgers,98447187,88,88.0,1118718.0340909092,True
2006,Seattle Mariners,87959833,78,78.0,1127690.1666666667,False
2006,Houston Astros,92551503,82,82.0,1128676.8658536586,False
2006,Atlanta Braves,90156876,79,79.0,1141226.278481013,False
2006,Chicago White Sox,102750667,90,90.0,1141674.0777777778,False
2006,Los Angeles Angels,103472000,89,89.0,1162606.7415730336,False
2006,San Francisco Giants,90056419,76,76.0,1184952.8815789474,False
2006,Boston Red Sox,120099824,86,86.0,1396509.5813953488,False
2006,Chicago Cubs,94424499,66,66.0,1430674.2272727273,False
2006,New York Yankees,194663079,97,97.0,2006835.8659793816,True
2007,Tampa Bay Rays,24123500,66,66.0,365507.57575757575,False
2007,Miami Marlins,30507000,71,71.0,429676.05633802817,False
2007,Washington Nationals,37347500,73,73.0,511609.58904109587,False
2007,Pittsburgh Pirates,38537833,68,68.0,566732.8382352941,False
2007,Arizona Diamondbacks,52067546,90,90.0,578528.2888888889,True
2007,Colorado Rockies,54424000,90,90.0,604711.1111111111,True
2007,Cleveland Guardians,61673267,96,96.0,642429.8645833334,True
2007,San Diego Padres,58110567,89,89.0,652927.7191011236,False
2007,Milwaukee Brewers,70986500,83,83.0,855259.0361445784,False
2007,Minnesota Twins,71439500,79,79.0,904297.4683544304,False
2007,Texas Rangers,68318675,75,75.0,910915.6666666666,False
2007,Cincinnati Reds,68904980,72,72.0,957013.6111111112,False
2007,Kansas City Royals,67116500,69,69.0,972702.8985507246,False
2007,Toronto Blue Jays,81942800,83,83.0,987262.6506024096,False
2007,Philadelphia Phillies,89428213,89,89.0,1004811.382022472,True
2007,Atlanta Braves,87290833,84,84.0,1039176.5833333334,False
2007,Oakland Athletics,79366940,76,76.0,1044301.8421052631,False
2007,Detroit Tigers,95180369,88,88.0,1081595.1022727273,False
2007,St. Louis Cardinals,90286823,78,78.0,1157523.3717948718,False
2007,Los Angeles Angels,109251333,94,94.0,1162248.2234042552,True
2007,Chicago Cubs,99670332,85,85.0,1172592.1411764706,True
2007,Houston Astros,87759000,73,73.0,1202178.082191781,False
2007,Seattle Mariners,106460833,88,88.0,1209782.193181818,False
2007,San Francisco Giants,90219056,71,71.0,1270690.9295774647,False
2007,New York Mets,115231663,88,88.0,1309450.7159090908,False
2007,Los Angeles Dodgers,108454524,82,82.0,1322616.146341463,False
2007,Baltimore Orioles,93554808,69,69.0,1355866.7826086956,False
2007,Boston Red Sox,143026214,96,96.0,1489856.3958333333,True
2007,Chicago White Sox,108671833,72,72.0,1509331.013888889,False
2007,New York Yankees,189639045,94,94.0,2017436.6489361704,True
2008,Miami Marlins,21811500,84,84.0,259660.7142857143,False
2008,Tampa Bay Rays,43820597,97,97.0,451758.73195876286,True
2008,Oakland Athletics,47967126,75,75.0,639561.68,False
2008,Minnesota Twins,56932766,88,88.0,646963.25,False
2008,Pittsburgh Pirates,48689783,67,67.0,726713.1791044776,False
2008,Kansas City Royals,58245500,75,75.0,776606.6666666666,False
2008,Arizona Diamondbacks,66202712,82,82.0,807350.1463414634,False
2008,Texas Rangers,67712326,79,79.0,857118.0506329114,False
2008,Milwaukee Brewers,80937499,90,90.0,899305.5444444445,True
2008,Colorado Rockies,68655500,74,74.0,927777.027027027,False
2008,Washington Nationals,54961000,59,59.0,931542.372881356,False
2008,Cleveland Guardians,78970066,81,81.0,974939.086419753,False
2008,Baltimore Orioles,67196246,68,68.0,988180.088235294,False
2008,Cincinnati Reds,74117695,74,74.0,1001590.472972973,False
2008,Houston Astros,88930414,86,86.0,1034074.5813953488,False
2008,San Francisco Giants,76594500,72,72.0,1063812.5,False
2008,Philadelphia Phillies,98269880,92,92.0,1068150.8695652173,True
2008,Toronto Blue Jays,97793900,86,86.0,1137138.3720930233,False
2008,St. Louis Cardinals,99624449,86,86.0,1158423.8255813953,False
2008,San Diego Padres,73677616,63,63.0,1169485.9682539685,False
2008,Los Angeles Angels,119216333,100,100.0,1192163.33,True
2008,Chicago Cubs,118345833,97,97.0,1220060.1340206186,True
2008,Chicago White Sox,121189332,89,89.0,1361677.8876404497,True
2008,Boston Red Sox,133390035,95,95.0,1404105.6315789474,True
2008,Los Angeles Dodgers,118588536,84,84.0,1411768.2857142857,True
2008,Atlanta Braves,102365683,72,72.0,1421745.5972222222,False
2008,New York Mets,137793376,89,89.0,1548240.1797752809,False
2008,Detroit Tigers,137685196,74,74.0,1860610.7567567567,False
2008,Seattle Mariners,117666482,61,61.0,1928958.7213114752,False
2008,New York Yankees,209081577,89,89.0,2349231.202247191,False
2009,Miami Marlins,36814000,87,87.0,423149.4252873563,False
2009,San Diego Padres,42796700,75,75.0,570622.6666666666,False
2009,Minnesota Twins,65299267,87,87.0,750566.2873563218,True
2009,Tampa Bay Rays,63313035,84,84.0,753726.6071428572,False
2009,Pittsburgh Pirates,48743000,62,62.0,786177.4193548387,False
2009,Texas Rangers,68646023,87,87.0,789034.7471264368,False
2009,Colorado Rockies,75201000,92,92.0,817402.1739130435,True
2009,Oakland Athletics,62310000,75,75.0,830800.0,False
2009,Cincinnati Reds,70968500,78,78.0,909852.564102564,False
2009,San Francisco Giants,82161450,88,88.0,933652.8409090908,False
2009,St. Louis Cardinals,88528411,91,91.0,972839.6813186812,True
2009,Milwaukee Brewers,80257502,80,80.0,1003218.775,False
2009,Washington Nationals,59328000,59,59.0,1005559.3220338984,False
2009,Baltimore Orioles,67101667,64,64.0,1048463.546875,False
2009,Arizona Diamondbacks,73571667,70,70.0,1051023.8142857142,False
2009,Los Angeles Dodgers,100458101,95,95.0,1057453.694736842,True
2009,Toronto Blue Jays,80993657,75,75.0,1079915.4266666668,False
2009,Kansas City Royals,70908333,65,65.0,1090897.4307692307,False
2009,Atlanta Braves,96726167,86,86.0,1124722.8720930233,False
2009,Seattle Mariners,98904167,85,85.0,1163578.4352941175,False
2009,Los Angeles Angels,113709000,97,97.0,1172257.731958763,True
2009,Philadelphia Phillies,113004048,93,93.0,1215097.2903225806,True
2009,Chicago White Sox,96068500,79,79.0,1216056.9620253164,False
2009,Cleveland Guardians,81625567,65,65.0,1255777.9538461538,False
2009,Boston Red Sox,122696000,95,95.0,1291536.8421052631,True
2009,Detroit Tigers,115085145,86,86.0,1338199.3604651163,False
2009,Houston Astros,102996415,74,74.0,1391843.445945946,False
2009,Chicago Cubs,135050000,83,83.0,1627108.4337349397,False
2009,New York Mets,135773988,70,70.0,1939628.4,False
2009,New York Yankees,201449289,103,103.0,1955818.3398058251,True
2010,San Diego Padres,37799300,90,90.0,419992.22222222225,False
2010,Pittsburgh Pirates,34943000,57,57.0,613035.0877192982,False
2010,Texas Rangers,55250545,90,90.0,613894.9444444445,True
2010,Oakland Athletics,51654900,81,81.0,637714.8148148148,False
2010,Miami Marlins,55641500,80,80.0,695518.75,False
2010,Toronto Blue Jays,62689357,85,85.0,737521.8470588236,False
2010,Tampa Bay Rays,71923471,96,96.0,749202.8229166666,True
2010,Cincinnati Reds,72386544,91,91.0,795456.5274725275,True
2010,Cleveland Guardians,61203967,69,69.0,887014.0144927537,False
2010,Washington Nationals,61425000,69,69.0,890217.3913043478,False
2010,Atlanta Braves,84423667,91,91.0,927732.6043956043,True
2010,Arizona Diamondbacks,60718167,65,65.0,934125.6461538462,False
2010,Colorado Rockies,84227000,83,83.0,1014783.1325301204,False
2010,Minnesota Twins,97559167,94,94.0,1037863.4787234042,True
2010,Milwaukee Brewers,81108279,77,77.0,1053354.2727272727,False
2010,San Francisco Giants,97828833,92,92.0,1063356.8804347827,True
2010,Kansas City Royals,72267710,67,67.0,1078622.537313433,False
2010,St. Louis Cardinals,93540753,86,86.0,1087683.1744186047,False
2010,Los Angeles Dodgers,94945517,80,80.0,1186818.9625,False
2010,Houston Astros,92355500,76,76.0,1215203.9473684211,False
2010,Chicago White Sox,108273197,88,88.0,1230377.2386363635,False
2010,Baltimore Orioles,81612500,66,66.0,1236553.0303030305,False
2010,Los Angeles Angels,105013667,80,80.0,1312670.8375,False
2010,Philadelphia Phillies,141927381,97,97.0,1463168.87628866,True
2010,Detroit Tigers,122864929,81,81.0,1516850.975308642,False
2010,Seattle Mariners,98376667,61,61.0,1612732.245901639,False
2010,New York Mets,132701445,79,79.0,1679765.1265822784,False
2010,Boston Red Sox,162747333,89,89.0,1828621.7191011235,False
2010,Chicago Cubs,146859000,75,75.0,1958120.0,False
2010,New York Yankees,206333389,95,95.0,2171930.4105263157,True
2011,Tampa Bay Rays,41932171,91,91.0,460793.0879120879,True
2011,Kansas City Royals,36126400,71,71.0,508822.5352112676,False
2011,Arizona Diamondbacks,53639833,94,94.0,570636.5212765958,True
2011,Cleveland Guardians,49188867,80,80.0,614860.8375,False
2011,Pittsburgh Pirates,46047000,72,72.0,639541.6666666666,False
2011,San Diego Padres,45869140,71,71.0,646044.2253521127,False
2011,Toronto Blue Jays,62517800,81,81.0,771824.6913580247,False
2011,Miami Marlins,56944000,72,72.0,790888.8888888889,False
2011,Washington Nationals,63681929,80,80.0,796024.1125,False
2011,Milwaukee Brewers,85497333,96,96.0,890597.21875,True
2011,Oakland Athletics,66536500,74,74.0,899141.8918918918,False
2011,Texas Rangers,92299265,96,96.0,961450.6770833334,True
2011,Cincinnati Reds,76181365,79,79.0,964321.0759493673,False
2011,Atlanta Braves,87003192,89,89.0,977563.9550561798,False
2011,Detroit Tigers,105705232,95,95.0,1112686.652631579,True
2011,St. Louis Cardinals,105433572,90,90.0,1171484.1333333333,True
2011,Colorado Rockies,87998071,73,73.0,1205453.0273972603,False
2011,Baltimore Orioles,85304038,69,69.0,1236290.4057971016,False
2011,Houston Astros,70694000,56,56.0,1262392.857142857,False
2011,Los Angeles Dodgers,103788990,82,82.0,1265719.3902439023,False
2011,Seattle Mariners,86424600,67,67.0,1289919.4029850746,False
2011,San Francisco Giants,118216333,86,86.0,1374608.523255814,False
2011,New York Mets,120147310,77,77.0,1560354.6753246754,False
2011,Los Angeles Angels,138998524,86,86.0,1616261.9069767443,False
2011,Chicago White Sox,129285539,79,79.0,1636525.8101265824,False
2011,Philadelphia Phillies,172976381,102,102.0,1695846.8725490195,True
2011,Chicago Cubs,125480664,71,71.0,1767333.295774648,False
2011,Minnesota Twins,112737000,63,63.0,1789476.1904761903,False
2011,Boston Red Sox,161407476,90,90.0,1793416.4,False
2011,New York Yankees,201689030,97,97.0,2079268.350515464,True
2012,Oakland Athletics,55372500,94,94.0,589069.1489361703,True
2012,Tampa Bay Rays,64173500,90,90.0,713038.8888888889,False
2012,San Diego Padres,55244700,76,76.0,726903.947368421,False
2012,Pittsburgh Pirates,63431999,79,79.0,802936.6962025317,False
2012,Washington Nationals,81336143,98,98.0,829960.6428571428,True
2012,Kansas City Royals,60916225,72,72.0,846058.6805555555,False
2012,Cincinnati Reds,82203616,97,97.0,847459.9587628866,True
2012,Baltimore Orioles,81428999,93,93.0,875580.6344086021,True
2012,Atlanta Braves,83309942,94,94.0,886275.9787234042,True
2012,Arizona Diamondbacks,74284833,81,81.0,917096.7037037036,False
2012,Toronto Blue Jays,75489200,73,73.0,1034098.6301369864,False
2012,Seattle Mariners,81978100,75,75.0,1093041.3333333333,False
2012,Houston Astros,60651000,55,55.0,1102745.4545454546,False
2012,Los Angeles Dodgers,95143575,86,86.0,1106320.6395348837,False
2012,Chicago White Sox,96919500,85,85.0,1140229.4117647058,False
2012,Cleveland Guardians,78430300,68,68.0,1153386.7647058824,False
2012,Milwaukee Brewers,97653944,83,83.0,1176553.5421686748,False
2012,Colorado Rockies,78069571,64,64.0,1219837.046875,False
2012,San Francisco Giants,117620683,94,94.0,1251283.8617021276,True
2012,St. Louis Cardinals,110300862,88,88.0,1253418.8863636365,True
2012,New York Mets,93353983,74,74.0,1261540.310810811,False
2012,Texas Rangers,120510974,93,93.0,1295816.9247311829,True
2012,Minnesota Twins,94085000,66,66.0,1425530.303030303,False
2012,Chicago Cubs,88197033,61,61.0,1445853.0,False
2012,Detroit Tigers,132300000,88,88.0,1503409.0909090908,True
2012,Miami Marlins,118078000,69,69.0,1711275.3623188406,False
2012,Los Angeles Angels,154485166,89,89.0,1735788.382022472,False
2012,New York Yankees,197962289,95,95.0,2083813.5684210523,True
2012,Philadelphia Phillies,174538938,81,81.0,2154801.703703704,False
2012,Boston Red Sox,173186617,69,69.0,2509950.9710144927,False
2013,Houston Astros,22062600,51,51.0,432600.0,False
2013,Miami Marlins,36341900,62,62.0,586159.6774193548,False
2013,Tampa Bay Rays,57895272,92,92.0,629296.4347826086,True
2013,Oakland Athletics,60664500,96,96.0,631921.875,True
2013,Cleveland Guardians,77772800,92,92.0,845356.5217391305,True
2013,Pittsburgh Pirates,79555000,94,94.0,846329.7872340425,True
2013,San Diego Padres,67143600,76,76.0,883468.4210526316,False
2013,Atlanta Braves,89778192,96,96.0,935189.5,True
2013,Kansas City Royals,81491725,86,86.0,947578.1976744186,False
2013,Colorado Rockies,71924071,74,74.0,971946.9054054054,False
2013,New York Mets,73396649,74,74.0,991846.6081081082,False
2013,Seattle Mariners,72031143,71,71.0,1014523.1408450704,False
2013,Baltimore Orioles,90993333,85,85.0,1070509.8,False
2013,Arizona Diamondbacks,89100500,81,81.0,1100006.172839506,False
2013,Milwaukee Brewers,82976944,74,74.0,1121310.054054054,False
2013,Minnesota Twins,75802500,66,66.0,1148522.7272727273,False
2013,St. Louis Cardinals,115222086,97,97.0,1187856.5567010308,True
2013,Cincinnati Reds,107491305,90,90.0,1194347.8333333333,True
2013,Texas Rangers,114090100,91,91.0,1253737.362637363,False
2013,Washington Nationals,114056769,86,86.0,1326241.5,False
2013,Boston Red Sox,150655500,97,97.0,1553149.4845360825,True
2013,Chicago Cubs,104304676,66,66.0,1580373.878787879,False
2013,Toronto Blue Jays,117527800,74,74.0,1588213.5135135136,False
2013,Detroit Tigers,148414500,93,93.0,1595854.838709677,True
2013,Los Angeles Angels,127896250,78,78.0,1639695.5128205128,False
2013,San Francisco Giants,140264334,76,76.0,1845583.3421052631,False
2013,Chicago White Sox,119073277,63,63.0,1890052.015873016,False
2013,Philadelphia Phillies,165385714,73,73.0,2265557.7260273974,False
2013,Los Angeles Dodgers,216597577,92,92.0,2354321.4891304346,True
2013,New York Yankees,228835490,85,85.0,2692182.2352941176,False
2014,Miami Marlins,47565400,77,77.0,617732.4675324676,False
2014,Houston Astros,44544174,70,70.0,636345.3428571429,False
2014,Pittsburgh Pirates,78111667,88,88.0,887632.5795454546,True
2014,Oakland Athletics,83401400,88,88.0,947743.1818181818,True
2014,Cleveland Guardians,82534800,85,85.0,970997.6470588236,False
2014,Tampa Bay Rays,77062891,77,77.0,1000816.7662337662,False
2014,Kansas City Royals,92034345,89,89.0,1034093.7640449438,True
2014,Seattle Mariners,92081943,87,87.0,1058413.1379310344,False
2014,Baltimore Orioles,107406623,96,96.0,1118818.9895833333,True
2014,New York Mets,89051758,79,79.0,1127237.4430379746,False
2014,San Diego Padres,90094196,77,77.0,1170054.4935064935,False
2014,Chicago Cubs,89007857,73,73.0,1219285.7123287672,False
2014,Minnesota Twins,85776500,70,70.0,1225378.5714285714,False
2014,St. Louis Cardinals,111020360,90,90.0,1233559.5555555555,True
2014,Chicago White Sox,91159254,73,73.0,1248756.904109589,False
2014,Milwaukee Brewers,103844806,82,82.0,1266400.0731707318,False
2014,Washington Nationals,134704437,96,96.0,1403171.21875,True
2014,Atlanta Braves,110897341,79,79.0,1403763.8101265824,False
2014,Colorado Rockies,95832071,66,66.0,1452001.0757575757,False
2014,Cincinnati Reds,112390772,76,76.0,1478825.9473684211,False
2014,Los Angeles Angels,155692000,98,98.0,1588693.8775510204,True
2014,Toronto Blue Jays,132628700,83,83.0,1597936.1445783132,False
2014,San Francisco Giants,154185878,88,88.0,1752112.25,True
2014,Arizona Diamondbacks,112688666,64,64.0,1760760.40625,False
2014,Detroit Tigers,162228527,90,90.0,1802539.1888888888,True
2014,Texas Rangers,136036172,67,67.0,2030390.6268656717,False
2014,Boston Red Sox,162817411,71,71.0,2293202.971830986,False
2014,New York Yankees,203812506,84,84.0,2426339.3571428573,False
2014,Philadelphia Phillies,180052723,73,73.0,2466475.657534247,False
2014,Los Angeles Dodgers,235295219,94,94.0,2503140.6276595746,True
2015,Houston Astros,70910100,86,86.0,824536.0465116279,True
2015,Pittsburgh Pirates,88278500,98,98.0,900801.0204081632,True
2015,Tampa Bay Rays,76061707,80,80.0,950771.3375,False
2015,Miami Marlins,68479000,71,71.0,964492.9577464788,False
2015,Cleveland Guardians,86091175,81,81.0,1062854.012345679,False
2015,New York Mets,101409244,90,90.0,1126769.3777777778,True
2015,Arizona Diamondbacks,91518833,79,79.0,1158466.240506329,False
2015,Kansas City Royals,113618650,95,95.0,1195985.7894736845,True
2015,St. Louis Cardinals,120869458,100,100.0,1208694.58,True
2015,Chicago Cubs,119006885,97,97.0,1226875.1030927836,True
2015,Oakland Athletics,86086667,68,68.0,1265980.3970588236,False
2015,Minnesota Twins,108945000,83,83.0,1312590.3614457832,False
2015,Toronto Blue Jays,122506600,93,93.0,1317275.2688172045,True
2015,Baltimore Orioles,110146097,81,81.0,1359828.3580246917,False
2015,San Diego Padres,100675896,74,74.0,1360485.0810810812,False
2015,Atlanta Braves,97578565,67,67.0,1456396.4925373134,False
2015,Colorado Rockies,102006130,68,68.0,1500090.1470588236,False
2015,Chicago White Sox,115238678,76,76.0,1516298.394736842,False
2015,Milwaukee Brewers,105002536,68,68.0,1544154.9411764706,False
2015,Seattle Mariners,119798060,76,76.0,1576290.2631578948,False
2015,Texas Rangers,142140873,88,88.0,1615237.193181818,True
2015,Los Angeles Angels,150933083,85,85.0,1775683.3294117646,False
2015,Cincinnati Reds,117197072,64,64.0,1831204.25,False
2015,Washington Nationals,164920505,83,83.0,1986994.0361445784,False
2015,San Francisco Giants,172672111,84,84.0,2055620.369047619,False
2015,Philadelphia Phillies,135827500,63,63.0,2155992.063492063,False
2015,Detroit Tigers,173813750,74,74.0,2348834.4594594594,False
2015,Boston Red Sox,187407202,78,78.0,2402656.435897436,False
2015,New York Yankees,219282196,87,87.0,2520485.011494253,True
2015,Los Angeles Dodgers,272789040,92,92.0,2965098.2608695654,True
2016,Houston Astros,69064200,84,84.0,822192.8571428572,False
2016,Cleveland Guardians,86339067,94,94.0,918500.7127659576,True
2016,Arizona Diamondbacks,70762833,69,69.0,1025548.304347826,False
2016,Miami Marlins,84637500,79,79.0,1071360.759493671,False
2016,Tampa Bay Rays,73649584,68,68.0,1083082.1176470588,False
2016,Pittsburgh Pirates,85885832,78,78.0,1101100.4102564105,False
2016,Chicago Cubs,116654522,103,103.0,1132568.1747572816,True
2016,New York Mets,99626453,87,87.0,1145131.6436781608,True
2016,Oakland Athletics,80279166,69,69.0,1163466.1739130437,False
2016,Chicago White Sox,98712867,78,78.0,1265549.576923077,False
2016,Atlanta Braves,87622648,68,68.0,1288568.3529411764,False
2016,Baltimore Orioles,115587632,89,89.0,1298737.4382022473,True
2016,Colorado Rockies,98261171,75,75.0,1310148.9466666668,False
2016,Milwaukee Brewers,98683035,73,73.0,1351822.397260274,False
2016,Kansas City Royals,112914525,81,81.0,1394006.4814814816,False
2016,St. Louis Cardinals,120301957,86,86.0,1398859.965116279,False
2016,Toronto Blue Jays,126369628,89,89.0,1419883.4606741574,True
2016,Seattle Mariners,122706842,86,86.0,1426823.7441860463,False
2016,Texas Rangers,144307373,95,95.0,1519024.9789473685,True
2016,San Diego Padres,112895700,68,68.0,1660230.8823529412,False
2016,Cincinnati Reds,116732284,68,68.0,1716651.2352941176,False
2016,Washington Nationals,166010977,95,95.0,1747483.968421053,True
2016,Minnesota Twins,108262000,59,59.0,1834949.152542373,False
2016,Philadelphia Phillies,133048000,71,71.0,1873915.4929577464,False
2016,San Francisco Giants,166495942,87,87.0,1913746.4597701149,True
2016,Boston Red Sox,182161414,93,93.0,1958724.8817204305,True
2016,Los Angeles Angels,146449583,74,74.0,1979048.4189189188,False
2016,Detroit Tigers,172282250,86,86.0,2003281.976744186,False
2016,Los Angeles Dodgers,223352402,91,91.0,2454422.0,True
2016,New York Yankees,213472857,84,84.0,2541343.535714286,False
2017,Milwaukee Brewers,63061300,86,86.0,733270.9302325582,False
2017,Tampa Bay Rays,69962532,80,80.0,874531.65,False
2017,Arizona Diamondbacks,93257600,93,93.0,1002769.8924731184,True
2017,San Diego Padres,71624400,71,71.0,1008794.3661971831,False
2017,Oakland Athletics,81738333,75,75.0,1089844.44,False
2017,Cleveland Guardians,124861165,102,102.0,1224129.068627451,True
2017,Houston Astros,124343900,101,101.0,1231127.7227722772,True
2017,Minnesota Twins,108077500,85,85.0,1271500.0,True
2017,Pittsburgh Pirates,100575946,75,75.0,1341012.6133333333,False
2017,Cincinnati Reds,93768785,68,68.0,1378952.7205882352,False
2017,Miami Marlins,111881100,77,77.0,1453001.298701299,False
2017,Chicago White Sox,99119770,67,67.0,1479399.552238806,False
2017,Colorado Rockies,130963571,87,87.0,1505328.4022988505,True
2017,Atlanta Braves,112437541,72,72.0,1561632.513888889,False
2017,Philadelphia Phillies,111378000,66,66.0,1687545.4545454546,False
2017,Washington Nationals,167846918,97,97.0,1730380.5979381443,True
2017,Kansas City Royals,140925250,80,80.0,1761565.625,False
2017,St. Louis Cardinals,152452933,83,83.0,1836782.3253012048,False
2017,Chicago Cubs,172189880,92,92.0,1871629.1304347827,True
2017,Seattle Mariners,154800918,78,78.0,1984627.1538461535,False
2017,Los Angeles Angels,160375333,80,80.0,2004691.6625,False
2017,Boston Red Sox,199805178,93,93.0,2148442.7741935486,True
2017,Baltimore Orioles,163676616,75,75.0,2182354.88,False
2017,New York Yankees,201539699,91,91.0,2214721.967032967,True
2017,New York Mets,155187460,70,70.0,2216963.714285714,False
2017,Texas Rangers,175909063,78,78.0,2255244.3974358975,False
2017,Los Angeles Dodgers,242065828,104,104.0,2327556.0384615385,True
2017,Toronto Blue Jays,177795368,76,76.0,2339412.736842105,False
2017,San Francisco Giants,172354611,64,64.0,2693040.796875,False
2017,Detroit Tigers,199750600,64,64.0,3121103.125,False
2018,Oakland Athletics,68530000,97,97.0,706494.8453608247,True
2018,Tampa Bay Rays,78730000,90,90.0,874777.7777777778,False
2018,Milwaukee Brewers,90240000,96,96.0,940000.0,True
2018,Pittsburgh Pirates,87880000,82,82.0,1071707.3170731708,False
2018,Chicago White Sox,72180000,62,62.0,1164193.5483870967,False
2018,Philadelphia Phillies,96850000,80,80.0,1210625.0,False
2018,Atlanta Braves,120540000,90,90.0,1339333.3333333333,True
2018,San Diego Padres,96130000,66,66.0,1456515.1515151516,False
2018,Cleveland Guardians,134350000,91,91.0,1476373.6263736263,True
2018,Cincinnati Reds,101190000,67,67.0,1510298.5074626866,False
2018,Colorado Rockies,141340000,91,91.0,1553186.8131868131,True
2018,Houston Astros,160040000,103,103.0,1553786.4077669904,True
2018,Miami Marlins,98640000,63,63.0,1565714.2857142857,False
2018,Arizona Diamondbacks,132500000,82,82.0,1615853.6585365853,False
2018,New York Yankees,168540000,100,100.0,1685400.0,True
2018,Minnesota Twins,131910000,78,78.0,1691153.8461538462,False
2018,Seattle Mariners,162480000,89,89.0,1825617.97752809,False
2018,St. Louis Cardinals,161010000,88,88.0,1829659.0909090908,False
2018,Chicago Cubs,183460000,95,95.0,1931157.894736842,True
2018,New York Mets,154610000,77,77.0,2007922.0779220776,False
2018,Los Angeles Dodgers,186140000,92,92.0,2023260.8695652173,True
2018,Detroit Tigers,129920000,64,64.0,2030000.0,False
2018,Texas Rangers,144000000,67,67.0,2149253.731343284,False
2018,Boston Red Sox,235650000,108,108.0,2181944.4444444445,True
2018,Los Angeles Angels,175100000,80,80.0,2188750.0,False
2018,Washington Nationals,181590000,82,82.0,2214512.1951219514,False
2018,Toronto Blue Jays,162316000,73,73.0,2223506.8493150687,False
2018,Kansas City Royals,129920000,58,58.0,2240000.0,False
2018,San Francisco Giants,208510000,73,73.0,2856301.3698630137,False
2018,Baltimore Orioles,143090000,47,47.0,3044468.085106383,False
2019,Tampa Bay Rays,53444931,96,96.0,556718.03125,True
2019,Oakland Athletics,91318333,97,97.0,941426.113402062,True
2019,Toronto Blue Jays,63171171,67,67.0,942853.2985074628,False
2019,San Diego Padres,74033835,70,70.0,1057626.2142857143,False
2019,Pittsburgh Pirates,74808002,69,69.0,1084173.9420289856,False
2019,Minnesota Twins,113326933,101,101.0,1122048.8415841584,True
2019,Atlanta Braves,113376043,97,97.0,1168825.1855670102,True
2019,Chicago White Sox,88312121,72,72.0,1226557.236111111,False
2019,Miami Marlins,71239714,57,57.0,1249819.5438596492,False
2019,Arizona Diamondbacks,107901831,85,85.0,1269433.3058823529,False
2019,Cleveland Guardians,118991701,93,93.0,1279480.6559139786,False
2019,Baltimore Orioles,72682882,54,54.0,1345979.2962962964,False
2019,Texas Rangers,106017564,78,78.0,1359199.5384615385,False
2019,Milwaukee Brewers,121530400,89,89.0,1365510.1123595503,True
2019,Los Angeles Dodgers,152119998,106,106.0,1435094.3207547169,True
2019,Houston Astros,159719666,107,107.0,1492707.1588785048,True
2019,Kansas City Royals,96547237,59,59.0,1636393.847457627,False
2019,New York Mets,142149270,86,86.0,1652898.488372093,False
2019,Cincinnati Reds,126423214,75,75.0,1685642.8533333333,False
2019,Philadelphia Phillies,140711962,81,81.0,1737184.7160493827,False
2019,Washington Nationals,161715381,93,93.0,1738875.064516129,True
2019,St. Louis Cardinals,158370266,91,91.0,1740332.5934065934,True
2019,New York Yankees,206084848,103,103.0,2000823.7669902912,True
2019,Seattle Mariners,138864075,68,68.0,2042118.75,False
2019,Colorado Rockies,145932999,71,71.0,2055394.352112676,False
2019,Detroit Tigers,101923400,47,47.0,2168582.9787234045,False
2019,Los Angeles Angels,158878583,72,72.0,2206646.986111111,False
2019,San Francisco Giants,178271237,77,77.0,2315210.8701298703,False
2019,Boston Red Sox,202921500,84,84.0,2415732.1428571427,False
2019,Chicago Cubs,205556714,84,84.0,2447103.738095238,False
2020,Miami Marlins,47861700,31,83.7,571824.3727598566,True
2020,Tampa Bay Rays,65812166,40,108.0,609371.9074074074,True
2020,Baltimore Orioles,52415682,25,67.5,776528.6222222223,False
2020,Pittsburgh Pirates,42119000,19,51.3,821033.1384015596,False
2020,Cleveland Guardians,89004234,35,94.5,941843.746031746,True
2020,Seattle Mariners,70343800,27,72.9,964935.5281207132,False
2020,Oakland Athletics,94318433,36,97.2,970354.2489711932,True
2020,Toronto Blue Jays,92582371,32,86.4,1071555.2199074074,True
2020,Kansas City Royals,83278225,26,70.2,1186299.5014245014,False
2020,Milwaukee Brewers,97535926,29,78.3,1245669.5530012771,True
2020,Chicago White Sox,120898499,35,94.5,1279349.1957671957,True
2020,Arizona Diamondbacks,86471066,25,67.5,1281052.8296296296,False
2020,Minnesota Twins,127610333,36,97.2,1312863.508230453,True
2020,San Diego Padres,140317600,37,99.9,1404580.5805805805,True
2020,Detroit Tigers,96832300,23,62.1,1559296.2962962962,False
2020,Atlanta Braves,149466875,35,94.5,1581660.052910053,True
2020,Los Angeles Dodgers,189065000,43,116.1,1628466.8389319554,True
2020,Cincinnati Reds,143143673,31,83.7,1710199.1995221027,True
2020,San Francisco Giants,144994027,29,78.3,1851775.5683269475,False
2020,Boston Red Sox,120361000,24,64.8,1857422.8395061728,False
2020,Colorado Rockies,136399833,26,70.2,1943017.564102564,False
2020,St. Louis Cardinals,160781766,30,81.0,1984960.0740740744,True
2020,Philadelphia Phillies,152877962,28,75.6,2022195.2645502647,False
2020,New York Mets,142288337,26,70.2,2026899.387464387,False
2020,Chicago Cubs,188959500,34,91.8,2058382.3529411769,True
2020,Washington Nationals,159242411,26,70.2,2268410.413105413,False
2020,Texas Rangers,137834500,22,59.4,2320446.127946128,False
2020,New York Yankees,214291339,33,89.1,2405065.533108867,True
2020,Los Angeles Angels,176329344,26,70.2,2511814.017094017,False
2020,Houston Astros,212321933,29,78.3,2711646.6538952747,True
2021,Cleveland Guardians,46833300,80,80.0,585416.25,False
2021,Pittsburgh Pirates,35905000,61,61.0,588606.5573770492,False
2021,Tampa Bay Rays,60388600,100,100.0,603886.0,True
2021,Seattle Mariners,64553500,90,90.0,717261.1111111111,False
2021,Miami Marlins,49425000,67,67.0,737686.567164179,False
2021,Oakland Athletics,74615000,86,86.0,867616.2790697674,False
2021,Baltimore Orioles,45701135,52,52.0,878867.9807692308,False
2021,Milwaukee Brewers,87569366,95,95.0,921782.8,True
2021,Detroit Tigers,80398600,77,77.0,1044137.6623376624,False
2021,Kansas City Royals,87779400,74,74.0,1186208.1081081082,False
2021,San Francisco Giants,127889903,107,107.0,1195232.738317757,True
2021,Chicago White Sox,125987500,93,93.0,1354704.3010752688,True
2021,Colorado Rockies,103986666,74,74.0,1405225.2162162163,False
2021,Texas Rangers,84868750,60,60.0,1414479.1666666667,False
2021,Cincinnati Reds,118748164,83,83.0,1430700.7710843373,False
2021,St. Louis Cardinals,135047200,90,90.0,1500524.4444444445,True
2021,Toronto Blue Jays,137133333,91,91.0,1506959.7032967033,False
2021,Atlanta Braves,134459435,88,88.0,1527948.125,True
2021,Minnesota Twins,121003834,73,73.0,1657586.7671232878,False
2021,Arizona Diamondbacks,89077233,52,52.0,1713023.7115384615,False
2021,Houston Astros,171018567,95,95.0,1800195.4421052632,True
2021,Boston Red Sox,180261996,92,92.0,1959369.5217391304,True
2021,New York Yankees,191205631,92,92.0,2078322.0760869563,True
2021,Chicago Cubs,149665500,71,71.0,2107964.7887323946,False
2021,Philadelphia Phillies,174009000,82,82.0,2122060.975609756,False
2021,San Diego Padres,171686600,79,79.0,2173248.101265823,False
2021,New York Mets,167415024,77,77.0,2174221.090909091,False
2021,Los Angeles Dodgers,235412876,106,106.0,2220876.1886792453,True
2021,Los Angeles Angels,177353000,77,77.0,2303285.714285714,False
2021,Washington Nationals,161907528,65,65.0,2490885.046153846,False
2022,Baltimore Orioles,30221166,83,83.0,364110.4337349398,False
2022,Cleveland Guardians,42310000,92,92.0,459891.3043478261,True
2022,Oakland Athletics,32548334,60,60.0,542472.2333333333,False
2022,Pittsburgh Pirates,37875000,62,62.0,610887.0967741936,False
2022,Tampa Bay Rays,75347813,86,86.0,876137.3604651163,True
2022,Miami Marlins,69000000,69,69.0,1000000.0,False
2022,Arizona Diamondbacks,75993333,74,74.0,1026936.9324324324,False
2022,Seattle Mariners,92745714,90,90.0,1030507.9333333332,True
2022,Kansas City Royals,74110000,65,65.0,1140153.8461538462,False
2022,Minnesota Twins,110859524,78,78.0,1421275.9487179487,False
2022,Milwaukee Brewers,122281128,86,86.0,1421873.5813953488,False
2022,Houston Astros,163939599,106,106.0,1546599.9905660378,True
2022,Cincinnati Reds,99580000,62,62.0,1606129.0322580645,False
2022,St. Louis Cardinals,150746666,93,93.0,1620931.8924731184,True
2022,Atlanta Braves,173935000,101,101.0,1722128.712871287,True
2022,San Francisco Giants,142292500,81,81.0,1756697.5308641975,False
2022,Detroit Tigers,116040000,66,66.0,1758181.818181818,False
2022,Chicago Cubs,130560000,74,74.0,1764324.3243243245,False
2022,Toronto Blue Jays,168070905,92,92.0,1826857.6630434785,True
2022,Colorado Rockies,129452166,68,68.0,1903708.323529412,False
2022,Texas Rangers,134961333,68,68.0,1984725.4852941176,False
2022,Washington Nationals,114623095,55,55.0,2084056.2727272727,False
2022,Chicago White Sox,181660734,81,81.0,2242725.111111111,False
2022,Los Angeles Angels,169413094,73,73.0,2320727.315068493,False
2022,San Diego Padres,208772618,89,89.0,2345759.752808989,True
2022,New York Yankees,240290714,99,99.0,2427178.92929293,True
2022,Los Angeles Dodgers,277108333,111,111.0,2496471.4684684686,True
2022,Boston Red Sox,195166000,78,78.0,2502128.205128205,False
2022,New York Mets,253119999,101,101.0,2506138.6039603963,True
2022,Philadelphia Phillies,221738462,87,87.0,2548717.9540229887,True
2023,Baltimore Orioles,64907966,101,101.0,642653.1287128713,True
2023,Tampa Bay Rays,64652911,99,99.0,653059.7070707071,True
2023,Pittsburgh Pirates,60787500,76,76.0,799835.5263157894,False
2023,Oakland Athletics,43145000,50,50.0,862900.0,False
2023,Miami Marlins,81075000,84,84.0,965178.5714285716,True
2023,Cleveland Guardians,75010000,76,76.0,986973.6842105264,False
2023,Cincinnati Reds,86374500,82,82.0,1053347.5609756098,False
2023,Washington Nationals,79983095,71,71.0,1126522.4647887324,False
2023,Milwaukee Brewers,108644960,92,92.0,1180923.4782608696,True
2023,Arizona Diamondbacks,112763571,84,84.0,1342423.4642857143,True
2023,Detroit Tigers,105338500,78,78.0,1350493.5897435895,False
2023,Kansas City Royals,75825000,56,56.0,1354017.857142857,False
2023,Seattle Mariners,129814047,88,88.0,1475159.625,False
2023,Minnesota Twins,141271190,87,87.0,1623806.7816091955,True
2023,Atlanta Braves,199727500,104,104.0,1920456.7307692308,True
2023,Houston Astros,180888333,90,90.0,2009870.3666666667,True
2023,Texas Rangers,183578160,90,90.0,2039757.3333333333,True
2023,St. Louis Cardinals,147770834,71,71.0,2081279.352112676,False
2023,Chicago Cubs,180115000,83,83.0,2170060.2409638553,False
2023,Los Angeles Dodgers,218332634,100,100.0,2183326.34,True
2023,San Francisco Giants,175590000,79,79.0,2222658.2278481014,False
2023,Boston Red Sox,175783182,78,78.0,2253630.5384615385,False
2023,Toronto Blue Jays,205680777,89,89.0,2311019.966292135,True
2023,Philadelphia Phillies,232424939,90,90.0,2582499.322222222,True
2023,Los Angeles Angels,204088094,73,73.0,2795727.315068493,False
2023,Colorado Rockies,166250466,59,59.0,2817804.5084745763,False
2023,San Diego Padres,236962024,82,82.0,2889780.7804878047,False
2023,Chicago White Sox,180911666,61,61.0,2965765.016393442,False
2023,New York Yankees,268954047,82,82.0,3279927.4024390243,False
2023,New York Mets,334233332,75,75.0,4456444.426666667,False
2024,Oakland Athletics,47905000,69,69.0,694275.3623188406,False
2024,Cleveland Guardians,86433928,92,92.0,939499.2173913044,True
2024,Pittsburgh Pirates,72014000,76,76.0,947552.6315789474,False
2024,Milwaukee Brewers,94484960,93,93.0,1015967.3118279568,True
2024,Baltimore Orioles,94495168,91,91.0,1038408.4395604396,True
2024,Tampa Bay Rays,88066012,80,80.0,1100825.15,False
2024,Detroit Tigers,95073933,86,86.0,1105510.8488372094,True
2024,Cincinnati Reds,88123333,77,77.0,1144458.87012987,False
2024,Kansas City Royals,105219570,86,86.0,1223483.3720930233,True
2024,Washington Nationals,95371429,71,71.0,1343259.5633802817,False
2024,Miami Marlins,83710000,62,62.0,1350161.2903225806,False
2024,Minnesota Twins,118886590,82,82.0,1449836.463414634,False
2024,Seattle Mariners,129158333,85,85.0,1519509.8,False
2024,San Diego Padres,153765453,93,93.0,1653391.9677419355,True
2024,Arizona Diamondbacks,156511716,89,89.0,1758558.606741573,False
2024,St. Louis Cardinals,164301667,83,83.0,1979538.156626506,False
2024,Boston Red Sox,162324847,81,81.0,2004010.4567901231,False
2024,Colorado Rockies,134099285,61,61.0,2198348.9344262294,False
2024,Los Angeles Dodgers,220691666,98,98.0,2251955.775510204,True
2024,San Francisco Giants,188767909,80,80.0,2359598.8625,False
2024,Philadelphia Phillies,236182617,95,95.0,2486132.8105263156,True
2024,Los Angeles Angels,158818094,63,63.0,2520922.126984127,False
2024,Atlanta Braves,225315000,89,89.0,2531629.213483146,True
2024,Chicago Cubs,216330000,83,83.0,2606385.5421686745,False
2024,Houston Astros,237303141,88,88.0,2696626.602272727,True
2024,Texas Rangers,221955000,78,78.0,2845576.923076923,False
2024,Chicago White Sox,117773333,41,41.0,2872520.3170731706,False
2024,Toronto Blue Jays,221876784,74,74.0,2998334.918918919,False
2024,New York Yankees,293666666,94,94.0,3124113.4680851065,True
2024,New York Mets,301731074,89,89.0,3390236.786516854,True
2025,Miami Marlins,47000000,79,79.0,594936.7088607595,False
2025,Oakland Athletics,55000000,76,76.0,723684.2105263158,False
2025,Cleveland Guardians,82000000,88,88.0,931818.1818181818,True
2025,Tampa Bay Rays,73000000,77,77.0,948051.948051948,False
2025,Milwaukee Brewers,94000000,97,97.0,969072.1649484535,True
2025,Chicago White Sox,59000000,60,60.0,983333.3333333334,False
2025,Pittsburgh Pirates,75000000,71,71.0,1056338.028169014,False
2025,Cincinnati Reds,103000000,83,83.0,1240963.8554216868,True
2025,Kansas City Royals,113000000,82,82.0,1378048.780487805,False
2025,Detroit Tigers,131000000,87,87.0,1505747.1264367816,True
2025,Washington Nationals,100000000,66,66.0,1515151.5151515151,False
2025,Seattle Mariners,138000000,90,90.0,1533333.3333333333,True
2025,St. Louis Cardinals,122000000,78,78.0,1564102.564102564,False
2025,San Francisco Giants,158000000,81,81.0,1950617.2839506173,False
2025,Minnesota Twins,137000000,70,70.0,1957142.857142857,False
2025,Baltimore Orioles,150000000,75,75.0,2000000.0,False
2025,Chicago Cubs,184000000,92,92.0,2000000.0,True
2025,Boston Red Sox,184000000,89,89.0,2067415.730337079,True
2025,Arizona Diamondbacks,174000000,80,80.0,2175000.0,False
2025,San Diego Padres,197000000,90,90.0,2188888.888888889,True
2025,Houston Astros,204000000,87,87.0,2344827.5862068967,False
2025,Toronto Blue Jays,233000000,94,94.0,2478723.404255319,True
2025,Texas Rangers,206000000,81,81.0,2543209.87654321,False
2025,Colorado Rockies,112000000,43,43.0,2604651.1627906975,False
2025,Atlanta Braves,202000000,76,76.0,2657894.736842105,False
2025,Los Angeles Angels,192000000,72,72.0,2666666.6666666665,False
2025,New York Yankees,272000000,94,94.0,2893617.0212765955,True
2025,Philadelphia Phillies,278000000,96,96.0,2895833.3333333335,True
2025,Los Angeles Dodgers,321000000,93,93.0,3451612.9032258065,True
2025,New York Mets,315000000,83,83.0,3795180.7228915663,False
