season,team,opening_day_payroll_usd,wins,prorated_wins,runs_scored,runs_allowed,pyth_wpct,pyth_wins_162,dollars_per_win
2000,Minnesota Twins,16519500,69,69.0,748,880,0.4218580683978258,68.34100708044778,239413.04347826086
2000,Miami Marlins,20072000,79,79.0,731,797,0.45886961414659383,74.3368774917482,254075.94936708861
2000,Kansas City Royals,23433000,77,77.0,879,930,0.4718478730276797,76.43935543048411,304324.67532467534
2000,Chicago White Sox,31133500,95,95.0,978,839,0.5761019016185507,93.32850806220522,327721.05263157893
2000,Oakland Athletics,31971333,91,91.0,947,813,0.5751968503789275,93.18188976138626,351333.3296703297
2000,Pittsburgh Pirates,28928333,69,69.0,793,888,0.4448651223316451,72.0681498177265,419251.2028985507
2000,Milwaukee Brewers,36505333,73,73.0,740,826,0.4474849654940532,72.49256441003662,500073.05479452055
2000,Washington Nationals,34807833,67,67.0,738,902,0.40372838480088485,65.40399833774335,519519.89552238805
2000,Cincinnati Reds,46867200,85,85.0,825,765,0.5362941013427049,86.87964441751821,551378.8235294118
2000,San Francisco Giants,53737826,97,97.0,925,747,0.6029180299705305,97.67272085522593,553998.206185567
2000,Toronto Blue Jays,46238333,83,83.0,861,908,0.47363629942869756,76.729080507449,557088.3493975904
2000,Los Angeles Angels,51464167,82,82.0,864,869,0.49715198460595134,80.53862150616412,627611.7926829269
2000,St. Louis Cardinals,61453863,95,95.0,887,771,0.5678818561685215,91.99686069930048,646882.7684210526
2000,Seattle Mariners,58915000,91,91.0,907,780,0.5733478830734456,92.88235705789819,647417.5824175824
2000,Houston Astros,51289111,72,72.0,938,944,0.49677758021418206,80.4779679946975,712348.7638888889
2000,San Diego Padres,54821000,76,76.0,752,815,0.4614992533784886,74.76287904731515,721328.947368421
2000,Philadelphia Phillies,47308000,65,65.0,708,830,0.4247509471613013,68.80965344013082,727815.3846153846
2000,Detroit Tigers,58265167,79,79.0,823,827,0.4976404414352755,80.61775151251463,737533.7594936709
2000,Colorado Rockies,61111190,82,82.0,968,897,0.5383231199683872,87.20834543487872,745258.4146341464
2000,Cleveland Guardians,75880871,90,90.0,950,816,0.5748851899085899,93.13140076519157,843120.7888888889
2000,New York Mets,79509776,94,94.0,807,738,0.5425812124803345,87.89815642181419,845848.6808510638
2000,Atlanta Braves,84537836,95,95.0,810,714,0.5597226809447262,90.67507431304564,889871.9578947368
2000,Tampa Bay Rays,62765129,69,69.0,733,842,0.43370109585839745,70.25957752906038,909639.5507246377
2000,Boston Red Sox,77940333,85,85.0,792,745,0.5291394665887575,85.72059358737872,916945.094117647
2000,Chicago Cubs,60539333,65,65.0,764,904,0.4185892513868572,67.81145872467087,931374.3538461538
2000,Arizona Diamondbacks,81027833,85,85.0,792,754,0.5234684645467683,84.80189125657647,953268.6235294117
2000,Texas Rangers,70795921,71,71.0,848,974,0.43107783527954147,69.83460931528572,997125.647887324
2000,Los Angeles Dodgers,88124286,86,86.0,798,729,0.5429374161725421,87.95586141995182,1024701.0
2000,New York Yankees,92538260,87,87.0,871,814,0.5331473175072651,86.36986543617694,1063658.1609195403
2000,Baltimore Orioles,81447435,74,74.0,794,913,0.4317986041991966,69.95137388026984,1100641.0135135136
2001,Minnesota Twins,24350000,85,85.0,771,766,0.5031024635676574,81.5025990979605,286470.5882352941
2001,Oakland Athletics,33810750,102,102.0,884,645,0.6457316735945547,104.60853112231787,331477.9411764706
2001,Miami Marlins,35504167,76,76.0,742,744,0.4987287847149211,80.79406312381722,467160.09210526315
2001,Philadelphia Phillies,41664167,86,86.0,746,719,0.5173314892893044,83.8077012648673,484467.0581395349
2001,San Diego Padres,38333117,79,79.0,789,812,0.48614027473866867,78.75472450766432,485229.32911392406
2001,Washington Nationals,34774500,68,68.0,670,812,0.41027387806082843,66.4643682458542,511389.70588235295
2001,Kansas City Royals,35643000,65,65.0,729,858,0.4222255612891185,68.40054092883719,548353.8461538461
2001,Los Angeles Angels,46568180,75,75.0,691,730,0.4744239135634775,76.85667399728335,620909.0666666667
2001,Milwaukee Brewers,43089333,68,68.0,740,806,0.45928278918882903,74.40381184859031,633666.6617647059
2001,Houston Astros,60382667,93,93.0,847,769,0.5466004883885068,88.5492791189381,649275.9892473118
2001,Seattle Mariners,75652500,116,116.0,927,627,0.6787797839023304,109.96232499217753,652176.724137931
2001,Cincinnati Reds,45227882,66,66.0,735,850,0.4305198232916129,69.7442113732413,685270.9393939395
2001,San Francisco Giants,63332667,90,90.0,799,748,0.5314692034666385,86.09801096159543,703696.3
2001,Chicago Cubs,64015833,88,88.0,777,701,0.5483834732310757,88.83812266343426,727452.6477272727
2001,Chicago White Sox,62363000,83,83.0,798,795,0.501814592904933,81.29396405059914,751361.4457831326
2001,Detroit Tigers,49831167,66,66.0,724,876,0.4090921432382387,66.27292720459468,755017.6818181818
2001,St. Louis Cardinals,77270855,93,93.0,814,684,0.5816268263388606,94.22354586689542,830869.4086021505
2001,Pittsburgh Pirates,52698333,62,62.0,657,858,0.3758913329964524,60.89439594542529,849973.1129032258
2001,Arizona Diamondbacks,81206513,92,92.0,818,677,0.5885579621137431,95.34638986242638,882679.4891304348
2001,Tampa Bay Rays,54951602,62,62.0,672,887,0.37013533882278493,59.96192488929116,886316.1612903225
2001,Toronto Blue Jays,75798500,80,80.0,767,753,0.5087554936667639,82.41838997401575,947481.25
2001,Colorado Rockies,71068000,73,73.0,923,906,0.5093173406528109,82.50940918575536,973534.2465753425
2001,Cleveland Guardians,91974979,91,91.0,897,821,0.5434777046740916,88.04338815720284,1010714.0549450549
2001,Atlanta Braves,91851687,88,88.0,729,643,0.5576814416932349,90.34439355430405,1043769.1704545454
2001,New York Mets,93174428,82,82.0,642,713,0.4519074214281395,73.2090022713586,1136273.512195122
2001,Baltimore Orioles,72426328,63,63.0,687,829,0.4115410135281218,66.66964419155573,1149624.253968254
2001,New York Yankees,109791893,95,95.0,804,713,0.5570183586108456,90.23697409495699,1155704.1368421053
2001,Texas Rangers,88504421,73,73.0,890,968,0.4577987745626389,74.1634014791475,1212389.3287671234
2001,Los Angeles Dodgers,108980952,86,86.0,758,744,0.5088301684785269,82.43048729352137,1267220.3720930233
2001,Boston Red Sox,109558908,82,82.0,772,745,0.5169360338855576,83.74363748946034,1336084.243902439
2002,Oakland Athletics,39679746,103,103.0,800,654,0.593457410706043,96.14010053437896,385240.2524271845
2002,Minnesota Twins,40225000,94,94.0,768,712,0.5357165467518901,86.78608057380619,427925.5319148936
2002,Washington Nationals,38670500,83,83.0,735,718,0.5109784933789971,82.77851592739754,465909.6385542169
2002,Miami Marlins,41979917,79,79.0,699,763,0.4589125763198514,74.34383736381592,531391.3544303797
2002,Cincinnati Reds,45050390,78,78.0,709,774,0.4586936980214009,74.30837907946695,577569.1025641026
2002,Pittsburgh Pirates,42323598,72,72.0,641,730,0.44018369008316616,71.30975779347291,587827.75
2002,Los Angeles Angels,61721667,99,99.0,851,644,0.6288790334342081,101.87840341634173,623451.1818181818
2002,Tampa Bay Rays,34380000,55,55.0,673,918,0.3545447198421662,57.43624461443092,625090.9090909091
2002,San Diego Padres,41425000,66,66.0,662,815,0.40321487785094384,65.3208102118529,627651.5151515151
2002,Chicago White Sox,57052833,81,81.0,856,798,0.5341156900962828,86.52674179559781,704355.9629629629
2002,Philadelphia Phillies,57955000,80,80.0,710,724,0.49085708136038375,79.51884718038217,724437.5
2002,Houston Astros,63448417,84,84.0,749,695,0.5349907809194104,86.66850650894449,755338.2976190476
2002,Kansas City Royals,47257000,62,62.0,737,891,0.4090319734552646,66.26317969975287,762209.6774193548
2002,St. Louis Cardinals,74098267,97,97.0,787,648,0.5898748671546858,95.5597284790591,763899.6597938144
2002,Colorado Rockies,56851043,73,73.0,778,898,0.4303337360254975,69.7140652361306,778781.4109589041
2002,San Francisco Giants,78299835,95,95.0,783,616,0.6097269391535435,98.77576414287404,824208.7894736842
2002,Seattle Mariners,80282668,93,93.0,814,699,0.5718022282116462,92.63196097028668,863254.4946236559
2002,Milwaukee Brewers,50287833,56,56.0,627,821,0.37625701155761015,60.953635872332846,897997.0178571428
2002,Baltimore Orioles,60493487,67,67.0,667,773,0.43140822836911186,69.88813299579613,902887.8656716418
2002,Atlanta Braves,93470367,101,101.0,708,565,0.600882963762698,97.34304012955708,925449.1782178218
2002,Toronto Blue Jays,76864333,78,78.0,813,828,0.49111772038011536,79.56107070157869,985440.1666666666
2002,Detroit Tigers,55048000,55,55.0,575,864,0.31788455146348543,51.49729733708464,1000872.7272727273
2002,Los Angeles Dodgers,94850952,92,92.0,713,643,0.5473932589691595,88.67770795300383,1030988.6086956522
2002,Arizona Diamondbacks,102820000,98,98.0,819,674,0.5911161923961553,95.76082316817715,1049183.6734693877
2002,Cleveland Guardians,78909448,74,74.0,739,837,0.44047438379203574,71.35685017430978,1066343.8918918918
2002,Chicago Cubs,75690833,67,67.0,706,759,0.4660068080218977,75.49310289954742,1129713.9253731344
2002,Boston Red Sox,108366060,93,93.0,859,665,0.6194169407632557,100.34554440364742,1165226.4516129033
2002,New York Yankees,125928583,103,103.0,897,697,0.6194239212892917,100.34667524886525,1222607.6019417476
2002,New York Mets,94633593,75,75.0,690,703,0.49133265095650974,79.59588945495457,1261781.24
2002,Texas Rangers,105302124,72,72.0,843,882,0.4777228530481165,77.39110219379488,1462529.5
2003,Tampa Bay Rays,19630000,63,63.0,715,852,0.4167237912061506,67.50925417539639,311587.3015873016
2003,Kansas City Royals,40518000,83,83.0,836,867,0.482126577063681,78.10450548431632,488168.6746987952
2003,Oakland Athletics,50260834,96,96.0,768,643,0.5819115827936142,94.2696764125655,523550.3541666667
2003,Miami Marlins,49050000,91,91.0,751,692,0.5382408511409065,87.19501788482685,539010.989010989
2003,Chicago White Sox,51010000,86,86.0,791,715,0.5477427605529301,88.73432720957469,593139.5348837209
2003,Toronto Blue Jays,51269000,86,86.0,894,826,0.538883464246586,87.29912120794692,596151.1627906977
2003,Milwaukee Brewers,40627000,68,68.0,714,873,0.40443251067118186,65.51806672873145,597455.8823529412
2003,Minnesota Twins,55505000,90,90.0,801,758,0.526394572614819,85.27592076360068,616722.2222222222
2003,Washington Nationals,51948500,83,83.0,711,716,0.49672884978672127,80.47007366544885,625885.5421686746
2003,Cleveland Guardians,48584834,68,68.0,699,778,0.4496915862074527,72.85003696560733,714482.8529411765
2003,Pittsburgh Pirates,54812429,75,75.0,753,801,0.4704737397228638,76.21674583510394,730832.3866666667
2003,San Diego Padres,47928000,64,64.0,678,831,0.4046607211214002,65.55503682166683,748875.0
2003,Houston Astros,71040000,87,87.0,805,677,0.5809981070451149,94.12169334130861,816551.724137931
2003,Philadelphia Phillies,70780000,86,86.0,791,697,0.5594864584957675,90.63680627631433,823023.2558139535
2003,San Francisco Giants,82852167,100,100.0,755,638,0.5775645776690084,93.56546158237936,828521.67
2003,Cincinnati Reds,59355667,69,69.0,694,886,0.3847156957927793,62.323942718430246,860227.0579710145
2003,Chicago Cubs,79868333,88,88.0,724,683,0.52707617244845,85.3863399366489,907594.6931818182
2003,Colorado Rockies,67179667,74,74.0,853,892,0.4779050482666319,77.42061781919436,907833.3378378379
2003,Seattle Mariners,86959167,93,93.0,795,637,0.6020786567679509,97.53674239640804,935044.8064516129
2003,Arizona Diamondbacks,80640333,84,84.0,717,685,0.5211920521210693,84.43311244361323,960003.9642857143
2003,St. Louis Cardinals,83486666,85,85.0,876,796,0.5466475303495756,88.55689991663124,982196.0705882353
2003,Los Angeles Angels,79031667,77,77.0,736,743,0.49553582069790103,80.27680295305997,1026385.2857142857
2003,Baltimore Orioles,73877500,71,71.0,743,820,0.45289154556440525,73.36843038143365,1040528.1690140845
2003,Atlanta Braves,106243667,101,101.0,907,740,0.5977071598262826,96.8285598918578,1051917.495049505
2003,Boston Red Sox,99946500,95,95.0,961,809,0.5846729653118576,94.71702038052094,1052068.4210526317
2003,Detroit Tigers,49168000,43,43.0,591,928,0.2978097474980763,48.24517909468836,1143441.8604651163
2003,Los Angeles Dodgers,105872620,85,85.0,574,556,0.5139056565264063,83.25271635727782,1245560.2352941176
2003,Texas Rangers,103491667,71,71.0,826,969,0.42105938204083126,68.21161989061467,1457629.1126760563
2003,New York Yankees,152749814,101,101.0,877,716,0.5964917207458812,96.63165876083275,1512374.396039604
2003,New York Mets,117176429,66,66.0,642,754,0.4258273861643503,68.98403655862475,1775400.4393939395
2004,Milwaukee Brewers,27518500,67,67.0,634,757,0.41842425811670464,67.78472981490616,410723.8805970149
2004,Tampa Bay Rays,29506667,70,70.0,714,842,0.4216023366159979,68.29957853179165,421523.8142857143
2004,Cleveland Guardians,34569300,80,80.0,858,857,0.5005738636720873,81.09296591487815,432116.25
2004,Pittsburgh Pirates,32227929,72,72.0,680,744,0.45806183446195453,74.20601718283663,447610.125
2004,Miami Marlins,42118042,83,83.0,718,700,0.5118279327359467,82.91612510322337,507446.2891566265
2004,Cincinnati Reds,43067858,76,76.0,750,907,0.4084329088799218,66.16613123854732,566682.3421052631
2004,Minnesota Twins,53585000,92,92.0,780,715,0.5410702793824901,87.6533852599634,582445.6521739131
2004,Texas Rangers,54825973,89,89.0,860,794,0.5388082077441138,87.28692965454643,616022.1685393258
2004,San Diego Padres,54639503,87,87.0,768,705,0.5402324310050496,87.51765382281803,628040.264367816
2004,Detroit Tigers,46353554,72,72.0,827,844,0.4900628075405599,79.39017482157071,643799.3611111111
2004,Washington Nationals,43197500,67,67.0,635,769,0.4119668803287853,66.73863461326322,644738.8059701492
2004,Baltimore Orioles,51212653,78,78.0,842,830,0.5070118394430275,82.13591798977046,656572.4743589744
2004,Oakland Athletics,59825167,91,91.0,793,742,0.5316441275351748,86.12634866069831,657419.4175824176
2004,St. Louis Cardinals,75633517,105,105.0,855,659,0.6211667999265915,100.62902158810783,720319.2095238095
2004,Toronto Blue Jays,50017000,67,67.0,719,823,0.4357618258001481,70.593415779624,746522.3880597015
2004,Chicago White Sox,65212500,83,83.0,865,831,0.5196594660749073,84.18483350413499,785692.7710843374
2004,Houston Astros,74666303,92,92.0,803,698,0.5659839908686625,91.68940652072332,811590.25
2004,Kansas City Royals,47609000,58,58.0,720,905,0.3909739690019579,63.33778297831718,820844.8275862068
2004,San Francisco Giants,82019167,91,91.0,850,770,0.5477062500693554,88.72841251123558,901309.5274725275
2004,Atlanta Braves,88507788,96,96.0,803,668,0.5858161479136541,94.90221596201197,921956.125
2004,Colorado Rockies,64590403,68,68.0,833,923,0.4493448097350688,72.79385917708115,949858.8676470588
2004,Los Angeles Dodgers,89694342,93,93.0,761,684,0.5498095773703855,89.06915153400244,964455.2903225806
2004,Chicago Cubs,91101667,89,89.0,789,665,0.579561389924858,93.88894516782699,1023614.2359550562
2004,Philadelphia Phillies,93219167,86,86.0,840,781,0.5352037258781455,86.70300359225956,1083943.8023255814
2004,Los Angeles Angels,101084667,92,92.0,836,734,0.5621049967562367,91.06100947451034,1098746.3804347827
2004,Boston Red Sox,125208542,98,98.0,949,768,0.6026886231201223,97.63555694545981,1277638.1836734693
2004,Seattle Mariners,81543833,63,63.0,698,823,0.4223145037900401,68.4149496139865,1294346.5555555555
2004,Arizona Diamondbacks,70204984,51,51.0,615,899,0.3271633952224121,53.00047002603076,1376568.3137254901
2004,New York Mets,100629303,71,71.0,684,731,0.46909324201082814,75.99310520575416,1417314.1267605633
2004,New York Yankees,182835513,101,101.0,897,808,0.5511543363957283,89.28700249610799,1810252.603960396
2005,Tampa Bay Rays,29893567,67,67.0,750,936,0.39318488102542065,63.69595072611815,446172.6417910448
2005,Cleveland Guardians,41830400,93,93.0,790,642,0.5957356192464394,96.50917031792318,449789.24731182796
2005,Milwaukee Brewers,40234833,81,81.0,726,697,0.5190043476823838,84.07870432454618,496726.3333333333
2005,Toronto Blue Jays,45336500,80,80.0,775,705,0.5445361097390871,88.2148497777321,566706.25
2005,Pittsburgh Pirates,38138000,67,67.0,680,769,0.4425864077362501,71.69899805327252,569223.8805970149
2005,Washington Nationals,48581500,81,81.0,639,673,0.4763949148348832,77.17597620325108,599771.6049382716
2005,Oakland Athletics,55869262,88,88.0,772,658,0.5740804402283309,93.00103131698961,634877.9772727273
2005,Kansas City Royals,36881000,56,56.0,701,935,0.3637002220630242,58.919435974209925,658589.2857142857
2005,Minnesota Twins,56615000,83,83.0,688,662,0.5176911856353897,83.86597207293313,682108.4337349398
2005,Texas Rangers,55307258,79,79.0,865,858,0.504003676136921,81.6485955341812,700091.8734177215
2005,Colorado Rockies,47789000,67,67.0,740,862,0.4268874464013641,69.15576631702099,713268.6567164179
2005,Miami Marlins,60375961,83,83.0,717,732,0.4902937908074964,79.42759411081443,727421.2168674698
2005,Chicago White Sox,75228000,99,99.0,741,645,0.5638777411273218,91.34819406262613,759878.7878787878
2005,San Diego Padres,62888192,82,82.0,684,726,0.47230642247555327,76.51364044103963,766929.1707317074
2005,Cincinnati Reds,59658275,73,73.0,820,889,0.46036606051296397,74.57930180310017,817236.6438356164
2005,Arizona Diamondbacks,63015834,77,77.0,696,856,0.4023255125465957,65.17673303254851,818387.4545454546
2005,Houston Astros,76779022,89,89.0,693,609,0.5584806624251385,90.47386731287244,862685.6404494382
2005,St. Louis Cardinals,93319842,100,100.0,805,634,0.6099128151725016,98.80587605794527,933198.42
2005,Atlanta Braves,85148582,90,90.0,769,674,0.5614376216807901,90.952894712288,946095.3555555556
2005,Detroit Tigers,68998183,71,71.0,723,787,0.45984565120249926,74.49499549480488,971805.3943661972
2005,Los Angeles Angels,95017822,95,95.0,761,643,0.5776507419827852,93.5794202012112,1000187.6
2005,Baltimore Orioles,74570539,74,74.0,729,800,0.4558637318650224,73.84992456213362,1007709.9864864865
2005,Philadelphia Phillies,95337908,88,88.0,807,726,0.5502307695321675,89.13738466421114,1083385.3181818181
2005,Chicago Cubs,87210933,79,79.0,703,714,0.49276758048991887,79.82834803936686,1103935.8607594937
2005,Los Angeles Dodgers,81029500,71,71.0,685,755,0.4545881944818543,73.64328750606039,1141260.5633802817
2005,San Francisco Giants,89487842,75,75.0,649,745,0.43638216917294065,70.69391140601638,1193171.2266666666
2005,Seattle Mariners,85883333,69,69.0,699,751,0.466401608790812,75.55706062411154,1244685.9855072463
2005,New York Mets,104770139,83,83.0,722,648,0.5497249220320195,89.05543736918716,1262290.8313253012
2005,Boston Red Sox,121311945,95,95.0,910,805,0.560040063300959,90.72649025475536,1276967.8421052631
2005,New York Yankees,205938439,95,95.0,886,789,0.5564313307519515,90.14187558181614,2167773.042105263
2006,Miami Marlins,14998500,78,78.0,758,772,0.4912853413737773,79.58822530255192,192288.46153846153
2006,Colorado Rockies,41233000,76,76.0,813,812,0.5005963491362815,81.0966085600776,542539.4736842106
2006,Tampa Bay Rays,35417967,61,61.0,689,856,0.3978141363306428,64.44589008556413,580622.4098360656
2006,Minnesota Twins,63396006,96,96.0,801,683,0.574670041368199,93.09654670164824,660375.0625
2006,Oakland Athletics,62243079,93,93.0,771,727,0.5277862036747186,85.50136499530441,669280.4193548387
2006,Pittsburgh Pirates,46717750,67,67.0,691,797,0.43298158975508083,70.1430175403231,697279.8507462686
2006,Cleveland Guardians,56031500,78,78.0,870,782,0.5517291390369895,89.3801205239923,718352.5641025641
2006,Cincinnati Reds,60909519,80,80.0,749,801,0.4679591876263651,75.80938839547115,761368.9875
2006,Kansas City Royals,47294000,62,62.0,757,971,0.3796319418748862,61.50037458373156,762806.4516129033
2006,Milwaukee Brewers,57568333,75,75.0,730,833,0.4370919728009327,70.8088995937511,767577.7733333333
2006,Arizona Diamondbacks,59684226,76,76.0,773,788,0.49079553637684753,79.5088768930493,785318.7631578947
2006,San Diego Padres,69896141,88,88.0,731,679,0.5342739932866851,86.55238691244298,794274.3295454546
2006,Toronto Blue Jays,71915000,87,87.0,809,754,0.5336845043431018,86.45688970358249,826609.1954022988
2006,Texas Rangers,68228662,80,80.0,835,784,0.5304664413614847,85.93556350056052,852858.275
2006,Detroit Tigers,82612866,95,95.0,822,675,0.5921787717496269,95.93296102343955,869609.1157894736
2006,Washington Nationals,63143000,71,71.0,746,872,0.4250446187828189,68.85722824281666,889338.0281690141
2006,Baltimore Orioles,72585582,70,70.0,768,899,0.42372824577398166,68.64397581538503,1036936.8857142857
2006,Philadelphia Phillies,88273333,85,85.0,865,812,0.5308755509438996,86.00183925291174,1038509.8
2006,New York Mets,101084963,97,97.0,834,731,0.562851071339991,91.18187355707855,1042113.0206185566
2006,St. Louis Cardinals,88891371,83,83.0,781,762,0.5117760950949323,82.90772740537903,1070980.373493976
2006,Los Angeles Dodgers,98447187,88,88.0,820,751,0.5420790271985043,87.8168024061577,1118718.0340909092
2006,Seattle Mariners,87959833,78,78.0,756,792,0.4777859713884038,77.40132736492141,1127690.1666666667
2006,Houston Astros,92551503,82,82.0,735,719,0.5103277688931683,82.67309856069328,1128676.8658536586
2006,Atlanta Braves,90156876,79,79.0,849,805,0.5258934453097703,85.19473814018279,1141226.2784810127
2006,Chicago White Sox,102750667,90,90.0,868,794,0.5433467613497769,88.02217533866386,1141674.0777777778
2006,Los Angeles Angels,103472000,89,89.0,766,732,0.5214775854439017,84.47936884191206,1162606.7415730336
2006,San Francisco Giants,90056419,76,76.0,746,790,0.4726566293201067,76.57037394985728,1184952.8815789474
2006,Boston Red Sox,120099824,86,86.0,820,825,0.4970441717922476,80.52115583034411,1396509.5813953488
2006,Chicago Cubs,94424499,66,66.0,716,834,0.42759111938628147,69.2697613405776,1430674.2272727273
2006,New York Yankees,194663079,97,97.0,930,767,0.5934269324535749,96.13516305747913,2006835.8659793814
2007,Tampa Bay Rays,24123500,66,66.0,782,944,0.4082353264465962,66.13412288434859,365507.57575757575
2007,Miami Marlins,30507000,71,71.0,790,891,0.44140585666334387,71.5077487794617,429676.05633802817
2007,Washington Nationals,37347500,73,73.0,673,783,0.42939840217942504,69.56254115306686,511609.58904109587
2007,Pittsburgh Pirates,38537833,68,68.0,724,846,0.42583766761182346,68.9857021531154,566732.8382352941
2007,Arizona Diamondbacks,52067546,90,90.0,712,732,0.487027368630879,78.8984337182024,578528.2888888889
2007,Colorado Rockies,54424000,90,90.0,860,758,0.5606876818474923,90.83140445929375,604711.1111111111
2007,Cleveland Guardians,61673267,96,96.0,811,704,0.5667896472405595,91.81992285297063,642429.8645833334
2007,San Diego Padres,58110567,89,89.0,741,666,0.5493622140084444,88.996678669368,652927.7191011236
2007,Milwaukee Brewers,70986500,83,83.0,801,776,0.5152274530211373,83.46684738942423,855259.0361445784
2007,Minnesota Twins,71439500,79,79.0,718,725,0.49545669602627496,80.26398475625655,904297.4683544304
2007,Texas Rangers,68318675,75,75.0,816,844,0.4835583748227604,78.33645672128718,910915.6666666666
2007,Cincinnati Reds,68904980,72,72.0,783,853,0.45852599615538286,74.28121137717203,957013.6111111111
2007,Kansas City Royals,67116500,69,69.0,706,778,0.45428425120432286,73.5940486951003,972702.8985507246
2007,Toronto Blue Jays,81942800,83,83.0,753,699,0.5348534838562171,86.64626438470717,987262.6506024096
2007,Philadelphia Phillies,89428213,89,89.0,892,821,0.5407112949227943,87.59522977749269,1004811.3820224719
2007,Atlanta Braves,87290833,84,84.0,810,733,0.5475414007802383,88.7017069263986,1039176.5833333334
2007,Oakland Athletics,79366940,76,76.0,741,758,0.48926274171834205,79.26056415837141,1044301.8421052631
2007,Detroit Tigers,95180369,88,88.0,887,797,0.5521830531965443,89.45365461784017,1081595.1022727273
2007,St. Louis Cardinals,90286823,78,78.0,725,829,0.4362256997708202,70.66856336287287,1157523.3717948718
2007,Los Angeles Angels,109251333,94,94.0,822,731,0.5558798364923313,90.05253351175767,1162248.2234042552
2007,Chicago Cubs,99670332,85,85.0,752,690,0.5401992644620509,87.51228084285225,1172592.1411764706
2007,Houston Astros,87759000,73,73.0,723,813,0.44429732089438667,71.97616598489064,1202178.082191781
2007,Seattle Mariners,106460833,88,88.0,794,813,0.4885804711989066,79.15003633422286,1209782.1931818181
2007,San Francisco Giants,90219056,71,71.0,683,720,0.4755126420984269,77.03304801994516,1270690.9295774647
2007,New York Mets,115231663,88,88.0,804,750,0.5332095829014205,86.37995243003012,1309450.7159090908
2007,Los Angeles Dodgers,108454524,82,82.0,735,727,0.5051441155619114,81.83334672102964,1322616.1463414633
2007,Baltimore Orioles,93554808,69,69.0,756,868,0.43347016919965364,70.22216741034389,1355866.7826086956
2007,Boston Red Sox,143026214,96,96.0,867,657,0.628956358613323,101.89093009535833,1489856.3958333333
2007,Chicago White Sox,108671833,72,72.0,693,839,0.4099143194883494,66.4061197571126,1509331.013888889
2007,New York Yankees,189639045,94,94.0,968,777,0.6070160091216961,98.33659347771476,2017436.6489361702
2008,Miami Marlins,21811500,84,84.0,770,767,0.5018648001821975,81.302097629516,259660.7142857143
2008,Tampa Bay Rays,43820597,97,97.0,774,671,0.5665038686808687,91.77362672630072,451758.73195876286
2008,Oakland Athletics,47967126,75,75.0,646,690,0.46980105169575226,76.10777037471186,639561.68
2008,Minnesota Twins,56932766,88,88.0,829,745,0.5510252817101103,89.26609563703788,646963.25
2008,Pittsburgh Pirates,48689783,67,67.0,735,884,0.411595361391839,66.67844854547792,726713.1791044776
2008,Kansas City Royals,58245500,75,75.0,691,781,0.4425902073023244,71.69961358297655,776606.6666666666
2008,Arizona Diamondbacks,66202712,82,82.0,720,706,0.5091631613977508,82.48443214643562,807350.1463414634
2008,Texas Rangers,67712326,79,79.0,901,967,0.46440925127441507,75.23429870645523,857118.0506329114
2008,Milwaukee Brewers,80937499,90,90.0,750,689,0.5396114699385373,87.41705813004303,899305.5444444445
2008,Colorado Rockies,68655500,74,74.0,747,822,0.45423482044044217,73.58604091135163,927777.027027027
2008,Washington Nationals,54961000,59,59.0,641,825,0.38326844937897303,62.08948879939363,931542.3728813559
2008,Cleveland Guardians,78970066,81,81.0,805,761,0.5269215127433106,85.36128506441631,974939.086419753
2008,Baltimore Orioles,67196246,68,68.0,782,869,0.44874328987763523,72.69641296017691,988180.0882352941
2008,Cincinnati Reds,74117695,74,74.0,704,800,0.4397154858050366,71.23390870041592,1001590.472972973
2008,Houston Astros,88930414,86,86.0,712,743,0.4799698316220594,77.75511272277363,1034074.5813953489
2008,San Francisco Giants,76594500,72,72.0,640,759,0.42150138987837915,68.28322516029742,1063812.5
2008,Philadelphia Phillies,98269880,92,92.0,799,680,0.5754756694204274,93.22705844610924,1068150.8695652173
2008,Toronto Blue Jays,97793900,86,86.0,714,610,0.5714300641168183,92.57167038692457,1137138.3720930233
2008,St. Louis Cardinals,99624449,86,86.0,779,725,0.5339915966871591,86.50663866331978,1158423.8255813953
2008,San Diego Padres,73677616,63,63.0,637,764,0.416376729383851,67.45303016018386,1169485.9682539683
2008,Los Angeles Angels,119216333,100,100.0,765,697,0.5436462898795382,88.07069896048519,1192163.33
2008,Chicago Cubs,118345833,97,97.0,855,671,0.6135113575696793,99.38883992628806,1220060.1340206186
2008,Chicago White Sox,121189332,89,89.0,811,729,0.5505947869757003,89.19635549006345,1361677.8876404495
2008,Boston Red Sox,133390035,95,95.0,845,694,0.5928216418630499,96.03710598181408,1404105.6315789474
2008,Los Angeles Dodgers,118588536,84,84.0,700,648,0.5353885235770994,86.73294081949011,1411768.2857142857
2008,Atlanta Braves,102365683,72,72.0,753,778,0.4844478519330468,78.48055201315358,1421745.5972222222
2008,New York Mets,137793376,89,89.0,799,715,0.552544649785084,89.51223326518361,1548240.1797752809
2008,Detroit Tigers,137685196,74,74.0,821,857,0.47902621778676574,77.60224728145604,1860610.7567567567
2008,Seattle Mariners,117666482,61,61.0,671,811,0.41151835614278015,66.66597369513039,1928958.7213114754
2008,New York Yankees,209081577,89,89.0,789,727,0.5387936749862813,87.28457534777756,2349231.202247191
2009,Miami Marlins,36814000,87,87.0,772,766,0.5037212149998466,81.60283682997515,423149.4252873563
2009,San Diego Padres,42796700,75,75.0,638,769,0.4140389327857241,67.07430711128731,570622.6666666666
2009,Minnesota Twins,65299267,87,87.0,817,765,0.5315225526133917,86.10665352336945,750566.2873563218
2009,Tampa Bay Rays,63313035,84,84.0,803,754,0.5300989613696161,85.87603174187781,753726.6071428572
2009,Pittsburgh Pirates,48743000,62,62.0,636,768,0.41311063082034477,66.92392219289586,786177.4193548387
2009,Texas Rangers,68646023,87,87.0,784,740,0.5274477961879829,85.44654298245322,789034.7471264368
2009,Colorado Rockies,75201000,92,92.0,804,715,0.5555240847790287,89.99490173420266,817402.1739130435
2009,Oakland Athletics,62310000,75,75.0,759,761,0.4987491245840629,80.79735818261818,830800.0
2009,Cincinnati Reds,70968500,78,78.0,673,723,0.46680654372654934,75.62266008370099,909852.5641025641
2009,San Francisco Giants,82161450,88,88.0,657,611,0.5327071740443007,86.29856219517671,933652.8409090909
2009,St. Louis Cardinals,88528411,91,91.0,730,640,0.5604086691956538,90.78620440969591,972839.6813186813
2009,Milwaukee Brewers,80257502,80,80.0,785,818,0.4801359292313286,77.78202053547523,1003218.775
2009,Washington Nationals,59328000,59,59.0,710,874,0.40135289977569416,65.01916976366246,1005559.3220338983
2009,Baltimore Orioles,67101667,64,64.0,741,876,0.4197212473595915,67.99484207225382,1048463.546875
2009,Arizona Diamondbacks,73571667,70,70.0,720,782,0.4609494913950224,74.67381760599363,1051023.8142857142
2009,Los Angeles Dodgers,100458101,95,95.0,780,611,0.6112646043820037,99.0248659098846,1057453.694736842
2009,Toronto Blue Jays,80993657,75,75.0,798,771,0.5165047466042106,83.67376894988212,1079915.4266666668
2009,Kansas City Royals,70908333,65,65.0,686,842,0.4036751367130508,65.39537214751422,1090897.4307692307
2009,Atlanta Braves,96726167,86,86.0,735,641,0.5628787316460246,91.18635452665599,1124722.8720930233
2009,Seattle Mariners,98904167,85,85.0,640,692,0.46430950637070323,75.21814003205392,1163578.4352941175
2009,Los Angeles Angels,113709000,97,97.0,883,761,0.5717875302864355,92.62957990640254,1172257.731958763
2009,Philadelphia Phillies,113004048,93,93.0,820,709,0.568814422160058,92.14793638992938,1215097.2903225806
2009,Chicago White Sox,96068500,79,79.0,724,732,0.4948407796330335,80.16420630055143,1216056.9620253164
2009,Cleveland Guardians,81625567,65,65.0,773,865,0.44560532858099927,72.18806323012188,1255777.9538461538
2009,Boston Red Sox,122696000,95,95.0,872,736,0.5811846740395986,94.15191719441498,1291536.8421052631
2009,Detroit Tigers,115085145,86,86.0,743,745,0.4987322442224364,80.7946235640347,1338199.3604651163
2009,Houston Astros,102996415,74,74.0,643,770,0.41687808848703933,67.53425033490038,1391843.445945946
2009,Chicago Cubs,135050000,83,83.0,707,672,0.523493248542114,84.80590626382246,1627108.4337349397
2009,New York Mets,135773988,70,70.0,671,757,0.44393239537689566,71.9170480510571,1939628.4
2009,New York Yankees,201449289,103,103.0,915,753,0.5939947270052676,96.22714577485334,1955818.3398058251
2010,San Diego Padres,37799300,90,90.0,665,581,0.5603326146073019,90.7738835663829,419992.22222222225
2010,Pittsburgh Pirates,34943000,57,57.0,587,866,0.3252279469043664,52.68692739850736,613035.0877192982
2010,Texas Rangers,55250545,90,90.0,787,687,0.5636800327315051,91.31616530250383,613894.9444444445
2010,Oakland Athletics,51654900,81,81.0,663,626,0.5260110373756499,85.21378805485529,637714.8148148148
2010,Miami Marlins,55641500,80,80.0,719,717,0.5013026188947844,81.21102426095509,695518.75
2010,Toronto Blue Jays,62689357,85,85.0,755,728,0.5171813105013533,83.78337230121923,737521.8470588236
2010,Tampa Bay Rays,71923471,96,96.0,802,649,0.597999332403611,96.87589184938498,749202.8229166666
2010,Cincinnati Reds,72386544,91,91.0,790,685,0.5668052321135117,91.8224476023889,795456.5274725275
2010,Cleveland Guardians,61203967,69,69.0,646,752,0.42995656689158507,69.65296383643678,887014.0144927537
2010,Washington Nationals,61425000,69,69.0,655,742,0.4423946101040186,71.66792683685101,890217.3913043478
2010,Atlanta Braves,84423667,91,91.0,738,629,0.5731572620617967,92.85147645401108,927732.6043956043
2010,Arizona Diamondbacks,60718167,65,65.0,713,836,0.42452188745092523,68.77254576704989,934125.6461538462
2010,Colorado Rockies,84227000,83,83.0,770,717,0.5336345006309742,86.44878910221782,1014783.1325301204
2010,Minnesota Twins,97559167,94,94.0,781,671,0.5707390986998244,92.45973398937156,1037863.4787234042
2010,Milwaukee Brewers,81108279,77,77.0,750,804,0.4667904170985795,75.62004756996988,1053354.2727272727
2010,San Francisco Giants,97828833,92,92.0,697,583,0.5801119374701088,93.97813387015762,1063356.8804347827
2010,Kansas City Royals,72267710,67,67.0,676,845,0.39547620772603276,64.06714565161731,1078622.537313433
2010,St. Louis Cardinals,93540753,86,86.0,736,641,0.5635098712738893,91.28859914637006,1087683.1744186047
2010,Los Angeles Dodgers,94945517,80,80.0,667,692,0.483069232042157,78.25721559082943,1186818.9625
2010,Houston Astros,92355500,76,76.0,611,729,0.4197490311608718,67.99934304806123,1215203.9473684211
2010,Chicago White Sox,108273197,88,88.0,752,704,0.5309277960745326,86.01030296407427,1230377.2386363635
2010,Baltimore Orioles,81612500,66,66.0,613,785,0.38720447866189434,62.72712554322688,1236553.0303030303
2010,Los Angeles Angels,105013667,80,80.0,681,702,0.48595339516072206,78.72445001603697,1312670.8375
2010,Philadelphia Phillies,141927381,97,97.0,772,640,0.5863917298874396,94.99546024176522,1463168.8762886599
2010,Detroit Tigers,122864929,81,81.0,751,743,0.5050653154780026,81.82058110743642,1516850.975308642
2010,Seattle Mariners,98376667,61,61.0,513,698,0.3662049778442412,59.32520641076708,1612732.2459016393
2010,New York Mets,132701445,79,79.0,656,652,0.5027845481301751,81.45109679708837,1679765.1265822784
2010,Boston Red Sox,162747333,89,89.0,818,744,0.5453011241313953,88.33878210928604,1828621.7191011235
2010,Chicago Cubs,146859000,75,75.0,685,767,0.44715447758263493,72.43902536838687,1958120.0
2010,New York Yankees,206333389,95,95.0,859,693,0.6012650508725834,97.40493824135851,2171930.4105263157
2011,Tampa Bay Rays,41932171,91,91.0,707,614,0.5640391707173278,91.3743456562071,460793.0879120879
2011,Kansas City Royals,36126400,71,71.0,730,762,0.4797268867807682,77.71575565848444,508822.5352112676
2011,Arizona Diamondbacks,53639833,94,94.0,731,662,0.545833793443314,88.42507453781685,570636.5212765958
2011,Cleveland Guardians,49188867,80,80.0,704,760,0.46406983976587207,75.17931404207127,614860.8375
2011,Pittsburgh Pirates,46047000,72,72.0,610,712,0.42985581525827105,69.63664207183992,639541.6666666666
2011,San Diego Padres,45869140,71,71.0,593,611,0.48670907972497,78.84687091544514,646044.2253521127
2011,Toronto Blue Jays,62517800,81,81.0,743,761,0.4886582459408634,79.16263584241987,771824.6913580247
2011,Miami Marlins,56944000,72,72.0,625,702,0.4470846377178355,72.42771131028935,790888.8888888889
2011,Washington Nationals,63681929,80,80.0,624,643,0.48644776184859306,78.80453741947207,796024.1125
2011,Milwaukee Brewers,85497333,96,96.0,721,638,0.556058690062024,90.0815077900479,890597.21875
2011,Oakland Athletics,66536500,74,74.0,645,679,0.4765475254224608,77.20069911843865,899141.8918918918
2011,Texas Rangers,92299265,96,96.0,855,677,0.6094096660806579,98.72436590506659,961450.6770833334
2011,Cincinnati Reds,76181365,79,79.0,735,720,0.5096776583166636,82.5677806472995,964321.0759493671
2011,Atlanta Braves,87003192,89,89.0,641,605,0.5259279684106062,85.2003308825182,977563.9550561798
2011,Detroit Tigers,105705232,95,95.0,787,711,0.5479237352623827,88.763645112506,1112686.652631579
2011,St. Louis Cardinals,105433572,90,90.0,762,692,0.5451006354340475,88.3063029403157,1171484.1333333333
2011,Colorado Rockies,87998071,73,73.0,735,774,0.47549543332871413,77.03026019925169,1205453.0273972603
2011,Baltimore Orioles,85304038,69,69.0,708,860,0.40779180609991617,66.06227258818642,1236290.4057971016
2011,Houston Astros,70694000,56,56.0,615,796,0.38222000511081833,61.91964082795257,1262392.857142857
2011,Los Angeles Dodgers,103788990,82,82.0,644,612,0.5229598900719447,84.71950219165504,1265719.3902439023
2011,Seattle Mariners,86424600,67,67.0,556,675,0.414086639598601,67.08203561497336,1289919.4029850746
2011,San Francisco Giants,118216333,86,86.0,570,578,0.4938881031812869,80.00987271536847,1374608.5232558139
2011,New York Mets,120147310,77,77.0,718,742,0.4845557154081408,78.4980258961188,1560354.6753246754
2011,Los Angeles Angels,138998524,86,86.0,667,633,0.5237601036032999,84.8491367837346,1616261.9069767443
2011,Chicago White Sox,129285539,79,79.0,654,706,0.46483396248738035,75.30310192295562,1636525.8101265824
2011,Philadelphia Phillies,172976381,102,102.0,713,529,0.6307812809783797,102.18656751849751,1695846.8725490195
2011,Chicago Cubs,125480664,71,71.0,654,756,0.432983111928377,70.14326413239708,1767333.295774648
2011,Minnesota Twins,112737000,63,63.0,619,804,0.3803963679735419,61.62421161171379,1789476.1904761905
2011,Boston Red Sox,161407476,90,90.0,875,737,0.5822186437452641,94.31942028673278,1793416.4
2011,New York Yankees,201689030,97,97.0,867,657,0.628956358613323,101.89093009535833,2079268.3505154639
2012,Oakland Athletics,55372500,94,94.0,713,614,0.5679176136279271,92.0026534077242,589069.1489361703
2012,Tampa Bay Rays,64173500,90,90.0,697,577,0.5845535552272445,94.6976759468136,713038.8888888889
2012,San Diego Padres,55244700,76,76.0,651,710,0.4601342622130295,74.54175047851078,726903.947368421
2012,Pittsburgh Pirates,63431999,79,79.0,651,674,0.48413920319834675,78.43055091813217,802936.6962025317
2012,Washington Nationals,81336143,98,98.0,731,594,0.5937151856103187,96.18186006887163,829960.6428571428
2012,Kansas City Royals,60916225,72,72.0,676,746,0.45418044679555325,73.57723238087962,846058.6805555555
2012,Cincinnati Reds,82203616,97,97.0,669,588,0.5578299080308128,90.36844510099166,847459.9587628866
2012,Baltimore Orioles,81428999,93,93.0,712,705,0.504602584787212,81.74561873552834,875580.6344086021
2012,Atlanta Braves,83309942,94,94.0,700,600,0.5696028875102277,92.27566777665689,886275.9787234042
2012,Arizona Diamondbacks,74284833,81,81.0,734,688,0.5301442279181849,85.88336492274595,917096.7037037037
2012,Toronto Blue Jays,75489200,73,73.0,716,784,0.45714259998039286,74.05710119682364,1034098.6301369863
2012,Seattle Mariners,81978100,75,75.0,619,651,0.4772611038285015,77.31629882021724,1093041.3333333333
2012,Houston Astros,60651000,55,55.0,583,794,0.3610304360372893,58.48693063804087,1102745.4545454546
2012,Los Angeles Dodgers,95143575,86,86.0,637,597,0.5290038616486048,85.69862558707398,1106320.6395348837
2012,Chicago White Sox,96919500,85,85.0,748,676,0.5470761915535306,88.62634303167195,1140229.4117647058
2012,Cleveland Guardians,78430300,68,68.0,667,845,0.3895811207401998,63.11214155991237,1153386.7647058824
2012,Milwaukee Brewers,97653944,83,83.0,776,733,0.527014484901828,85.37634655409613,1176553.5421686748
2012,Colorado Rockies,78069571,64,64.0,758,890,0.4225285182860515,68.44961996234034,1219837.046875
2012,San Francisco Giants,117620683,94,94.0,718,649,0.546451571246338,88.52515454190676,1251283.8617021276
2012,St. Louis Cardinals,110300862,88,88.0,765,648,0.5766534374389732,93.41785686511366,1253418.8863636365
2012,New York Mets,93353983,74,74.0,650,709,0.46009254419421874,74.53499215946344,1261540.310810811
2012,Texas Rangers,120510974,93,93.0,808,707,0.5630741291146252,91.21800891656927,1295816.9247311829
2012,Minnesota Twins,94085000,66,66.0,701,832,0.41908218081910775,67.89131329269546,1425530.303030303
2012,Chicago Cubs,88197033,61,61.0,613,759,0.40265219210262776,65.2296551206257,1445853.0
2012,Detroit Tigers,132300000,88,88.0,726,670,0.5371668039503508,87.02102223995682,1503409.0909090908
2012,Miami Marlins,118078000,69,69.0,609,724,0.42147556778419065,68.27904198103889,1711275.3623188406
2012,Los Angeles Angels,154485166,89,89.0,767,699,0.5435616060856353,88.05698018587292,1735788.3820224719
2012,New York Yankees,197962289,95,95.0,804,668,0.586401323769044,94.99701445058513,2083813.5684210525
2012,Philadelphia Phillies,174538938,81,81.0,684,680,0.5027025488701912,81.43781291697097,2154801.703703704
2012,Boston Red Sox,173186617,69,69.0,734,806,0.4554719108102004,73.78644955125246,2509950.9710144927
2013,Houston Astros,22062600,51,51.0,610,848,0.35003189966586407,56.70516774586998,432600.0
2013,Miami Marlins,36341900,62,62.0,513,646,0.3999948119828222,64.7991595412172,586159.6774193548
2013,Tampa Bay Rays,57895272,92,92.0,700,646,0.5367203939583111,86.9487038212464,629296.4347826086
2013,Oakland Athletics,60664500,96,96.0,767,625,0.5937681623073979,96.19044229379847,631921.875
2013,Cleveland Guardians,77772800,92,92.0,745,662,0.5546948962409818,89.86057319103905,845356.5217391305
2013,Pittsburgh Pirates,79555000,94,94.0,634,577,0.5418538915389914,87.7803304293166,846329.7872340425
2013,San Diego Padres,67143600,76,76.0,618,700,0.4433957633015158,71.83011365484556,883468.4210526316
2013,Atlanta Braves,89778192,96,96.0,688,548,0.6005238796856094,97.28486850906872,935189.5
2013,Kansas City Royals,81491725,86,86.0,648,601,0.5337777851969886,86.47200120191215,947578.1976744186
2013,Colorado Rockies,71924071,74,74.0,706,760,0.4653837002427818,75.39215943933065,971946.9054054054
2013,New York Mets,73396649,74,74.0,619,684,0.45471378559541326,73.66363326645694,991846.6081081082
2013,Seattle Mariners,72031143,71,71.0,624,754,0.4134247802698295,66.97481440371237,1014523.1408450705
2013,Baltimore Orioles,90993333,85,85.0,745,709,0.5232278668092077,84.76291442309166,1070509.8
2013,Arizona Diamondbacks,89100500,81,81.0,685,695,0.49329981165798703,79.9145694885939,1100006.172839506
2013,Milwaukee Brewers,82976944,74,74.0,640,687,0.4676477418926053,75.75893418660205,1121310.054054054
2013,Minnesota Twins,75802500,66,66.0,614,788,0.3861527729529399,62.55674921837627,1148522.7272727273
2013,St. Louis Cardinals,115222086,97,97.0,783,596,0.6235309393251366,101.01201217067212,1187856.5567010308
2013,Cincinnati Reds,107491305,90,90.0,698,589,0.5763428444309971,93.36754079782153,1194347.8333333333
2013,Texas Rangers,114090100,91,91.0,730,636,0.5630941895858936,91.22125871291477,1253737.3626373627
2013,Washington Nationals,114056769,86,86.0,656,626,0.5211765740330473,84.43060499335365,1326241.5
2013,Boston Red Sox,150655500,97,97.0,853,656,0.6220475453516887,100.77170234697357,1553149.4845360825
2013,Chicago Cubs,104304676,66,66.0,602,689,0.4390794603272444,71.13087257301359,1580373.878787879
2013,Toronto Blue Jays,117527800,74,74.0,712,756,0.47181062045265004,76.4333205133293,1588213.5135135136
2013,Detroit Tigers,148414500,93,93.0,796,624,0.6115719106191118,99.0746495202961,1595854.8387096773
2013,Los Angeles Angels,127896250,78,78.0,733,737,0.49743788158779145,80.58493681722221,1639695.5128205128
2013,San Francisco Giants,140264334,76,76.0,629,691,0.4571927958318267,74.06523292475593,1845583.3421052631
2013,Chicago White Sox,119073277,63,63.0,598,723,0.4141920089376648,67.09910544790169,1890052.0158730159
2013,Philadelphia Phillies,165385714,73,73.0,610,749,0.406618168230973,65.87214325341763,2265557.7260273974
2013,Los Angeles Dodgers,216597577,92,92.0,649,582,0.548597751879196,88.87283580442976,2354321.4891304346
2013,New York Yankees,228835490,85,85.0,650,671,0.48548659373606295,78.6488281852422,2692182.2352941176
2014,Miami Marlins,47565400,77,77.0,645,674,0.4799396059187501,77.75021615883752,617732.4675324676
2014,Houston Astros,44544174,70,70.0,629,723,0.43633246766474215,70.68585976168823,636345.3428571429
2014,Pittsburgh Pirates,78111667,88,88.0,682,631,0.5353654640861466,86.72920518195575,887632.5795454546
2014,Oakland Athletics,83401400,88,88.0,729,572,0.6084978028685295,98.57664406470178,947743.1818181818
2014,Cleveland Guardians,82534800,85,85.0,669,653,0.5110527819305657,82.79055067275164,970997.6470588235
2014,Tampa Bay Rays,77062891,77,77.0,612,625,0.49058354168725193,79.47453375333481,1000816.7662337662
2014,Kansas City Royals,92034345,89,89.0,651,624,0.5191349342466678,84.09985934796018,1034093.7640449438
2014,Seattle Mariners,92081943,87,87.0,634,554,0.5594543038494103,90.63159722360447,1058413.1379310344
2014,Baltimore Orioles,107406623,96,96.0,705,593,0.5779502585440666,93.62794188413878,1118818.9895833333
2014,New York Mets,89051758,79,79.0,629,618,0.5079223498365685,82.28342067352409,1127237.4430379746
2014,San Diego Padres,90094196,77,77.0,535,577,0.46720569041071525,75.68732184653587,1170054.4935064935
2014,Chicago Cubs,89007857,73,73.0,614,707,0.43596082928267216,70.62565434379289,1219285.7123287672
2014,Minnesota Twins,85776500,70,70.0,715,777,0.4607635205619951,74.6436903310432,1225378.5714285714
2014,St. Louis Cardinals,111020360,90,90.0,619,603,0.5116902304803532,82.89381733781723,1233559.5555555555
2014,Chicago White Sox,91159254,73,73.0,660,758,0.43584763092742224,70.6073162102424,1248756.904109589
2014,Milwaukee Brewers,103844806,82,82.0,650,657,0.4951244554580099,80.21016178419761,1266400.0731707318
2014,Washington Nationals,134704437,96,96.0,686,555,0.5939044573713401,96.2125220941571,1403171.21875
2014,Atlanta Braves,110897341,79,79.0,573,597,0.48191554793251573,78.07031876506755,1403763.8101265824
2014,Colorado Rockies,95832071,66,66.0,755,818,0.46160376330207586,74.77980965493629,1452001.0757575757
2014,Cincinnati Reds,112390772,76,76.0,595,612,0.4874694940232614,78.97005803176835,1478825.9473684211
2014,Los Angeles Angels,155692000,98,98.0,773,630,0.5938963668831619,96.21121143507223,1588693.8775510204
2014,Toronto Blue Jays,132628700,83,83.0,723,686,0.5244130343928403,84.95491157164012,1597936.1445783132
2014,San Francisco Giants,154185878,88,88.0,665,614,0.5360319295007872,86.83717257912753,1752112.25
2014,Arizona Diamondbacks,112688666,64,64.0,615,742,0.41447442315174643,67.14485655058292,1760760.40625
2014,Detroit Tigers,162228527,90,90.0,757,705,0.5334018866535292,86.41110563787173,1802539.1888888888
2014,Texas Rangers,136036172,67,67.0,637,773,0.41094057626937486,66.57237335563873,2030390.6268656717
2014,Boston Red Sox,162817411,71,71.0,634,715,0.4449968795160943,72.08949448160728,2293202.971830986
2014,New York Yankees,203812506,84,84.0,633,664,0.47829876351938133,77.48439969013978,2426339.3571428573
2014,Philadelphia Phillies,180052723,73,73.0,619,687,0.45270954470209507,73.33894624173941,2466475.657534247
2014,Los Angeles Dodgers,235295219,94,94.0,718,617,0.5689833869863988,92.17530869179662,2503140.6276595746
2015,Houston Astros,70910100,86,86.0,729,618,0.5752655175659894,93.19301384569029,824536.0465116279
2015,Pittsburgh Pirates,88278500,98,98.0,697,596,0.5705615607484562,92.43097284124991,900801.0204081633
2015,Tampa Bay Rays,76061707,80,80.0,644,642,0.5014092225382275,81.22829405119286,950771.3375
2015,Miami Marlins,68479000,71,71.0,613,678,0.45441500789461625,73.61523127892784,964492.9577464788
2015,Cleveland Guardians,86091175,81,81.0,669,640,0.5202053093705251,84.27326011802506,1062854.012345679
2015,New York Mets,101409244,90,90.0,683,613,0.5489417977451252,88.92857123471028,1126769.3777777778
2015,Arizona Diamondbacks,91518833,79,79.0,720,713,0.5045658862062623,81.73967356541449,1158466.240506329
2015,Kansas City Royals,113618650,95,95.0,724,641,0.5558837511250675,90.05316768226093,1195985.7894736843
2015,St. Louis Cardinals,120869458,100,100.0,647,525,0.5911482138082588,95.76601063693792,1208694.58
2015,Chicago Cubs,119006885,97,97.0,689,608,0.5565588895241718,90.16254010291583,1226875.1030927836
2015,Oakland Athletics,86086667,68,68.0,694,729,0.4770673134191738,77.28490477390615,1265980.3970588236
2015,Minnesota Twins,108945000,83,83.0,696,700,0.4973417673987993,80.56936631860549,1312590.3614457832
2015,Toronto Blue Jays,122506600,93,93.0,891,670,0.6332449378569501,102.58567993282593,1317275.2688172043
2015,Baltimore Orioles,110146097,81,81.0,713,693,0.5132215903062833,83.1418976296179,1359828.3580246915
2015,San Diego Padres,100675896,74,74.0,650,731,0.4459044292092893,72.23651753190487,1360485.0810810812
2015,Atlanta Braves,97578565,67,67.0,573,760,0.3735205948567125,60.51033636678743,1456396.4925373134
2015,Colorado Rockies,102006130,68,68.0,737,844,0.4351963750376157,70.50181275609374,1500090.1470588236
2015,Chicago White Sox,115238678,76,76.0,622,701,0.4456012807940681,72.18740748863902,1516298.394736842
2015,Milwaukee Brewers,105002536,68,68.0,655,737,0.4455477836187879,72.17874094624364,1544154.9411764706
2015,Seattle Mariners,119798060,76,76.0,656,726,0.4532419934293631,73.42520293555683,1576290.2631578948
2015,Texas Rangers,142140873,88,88.0,751,733,0.5114505062523502,82.85498201288074,1615237.1931818181
2015,Los Angeles Angels,150933083,85,85.0,661,675,0.4904009167283519,79.44494850999301,1775683.3294117646
2015,Cincinnati Reds,117197072,64,64.0,640,754,0.4245727467121125,68.78078496736222,1831204.25
2015,Washington Nationals,164920505,83,83.0,703,635,0.5464839804555266,88.5304048337953,1986994.0361445784
2015,San Francisco Giants,172672111,84,84.0,696,627,0.5475440601130496,88.70213773831404,2055620.369047619
2015,Philadelphia Phillies,135827500,63,63.0,626,809,0.38234482270170983,61.93986127767699,2155992.0634920634
2015,Detroit Tigers,173813750,74,74.0,689,803,0.4279829473166071,69.33323746529035,2348834.4594594594
2015,Boston Red Sox,187407202,78,78.0,748,753,0.4968446640396202,80.48883557441847,2402656.435897436
2015,New York Yankees,219282196,87,87.0,764,698,0.5423670570230941,87.86346323774124,2520485.011494253
2015,Los Angeles Dodgers,272789040,92,92.0,667,595,0.5512929600970731,89.30945953572584,2965098.2608695654
2016,Houston Astros,69064200,84,84.0,724,701,0.5150592512323235,83.43959869963642,822192.8571428572
2016,Cleveland Guardians,86339067,94,94.0,777,676,0.5650829077851985,91.54343106120217,918500.7127659575
2016,Arizona Diamondbacks,70762833,69,69.0,752,890,0.4188432385050008,67.85260463781013,1025548.304347826
2016,Miami Marlins,84637500,79,79.0,655,682,0.4814688177850022,77.99794848117035,1071360.759493671
2016,Tampa Bay Rays,73649584,68,68.0,672,713,0.47261822787075675,76.56415291506259,1083082.1176470588
2016,Pittsburgh Pirates,85885832,78,78.0,729,758,0.48154945991961373,78.01101250697742,1101100.4102564103
2016,Chicago Cubs,116654522,103,103.0,808,556,0.6660078087116509,107.89326501128744,1132568.1747572816
2016,New York Mets,99626453,87,87.0,671,617,0.5379560734238327,87.1488838946609,1145131.6436781608
2016,Oakland Athletics,80279166,69,69.0,653,761,0.4292196545670276,69.53358403985847,1163466.1739130435
2016,Chicago White Sox,98712867,78,78.0,686,715,0.4807834742424659,77.88692282727948,1265549.576923077
2016,Atlanta Braves,87622648,68,68.0,649,779,0.4154248174876863,67.29882043300518,1288568.3529411764
2016,Baltimore Orioles,115587632,89,89.0,744,715,0.5186689989389561,84.02437782811089,1298737.4382022473
2016,Colorado Rockies,98261171,75,75.0,845,860,0.4913567134999011,79.59978758698398,1310148.9466666668
2016,Milwaukee Brewers,98683035,73,73.0,671,733,0.45903000956039913,74.36286154878466,1351822.397260274
2016,Kansas City Royals,112914525,81,81.0,675,712,0.4753117596394178,77.00050506158568,1394006.4814814816
2016,St. Louis Cardinals,120301957,86,86.0,779,712,0.5424103866777576,87.87048264179674,1398859.965116279
2016,Toronto Blue Jays,126369628,89,89.0,759,666,0.5606908532524235,90.83191822689261,1419883.4606741574
2016,Seattle Mariners,122706842,86,86.0,768,707,0.5389214114714481,87.3052686583746,1426823.7441860465
2016,Texas Rangers,144307373,95,95.0,765,757,0.5049986999069889,81.8097893849322,1519024.9789473685
2016,San Diego Padres,112895700,68,68.0,686,770,0.4459782750958966,72.24848056553525,1660230.8823529412
2016,Cincinnati Reds,116732284,68,68.0,716,854,0.41623723921402267,67.43043275267168,1716651.2352941176
2016,Washington Nationals,166010977,95,95.0,763,612,0.6004643619178446,97.27522663069082,1747483.9684210527
2016,Minnesota Twins,108262000,59,59.0,722,889,0.40076666803272,64.92420022130064,1834949.152542373
2016,Philadelphia Phillies,133048000,71,71.0,610,796,0.3787576162731279,61.358733836246714,1873915.4929577464
2016,San Francisco Giants,166495942,87,87.0,715,631,0.5571181555295146,90.25314119578137,1913746.4597701149
2016,Boston Red Sox,182161414,93,93.0,878,694,0.6109918079924692,98.98067289478001,1958724.8817204302
2016,Los Angeles Angels,146449583,74,74.0,717,727,0.4935129034875423,79.94909036498186,1979048.4189189188
2016,Detroit Tigers,172282250,86,86.0,750,721,0.5185933269597,84.0121189674714,2003281.9767441861
2016,Los Angeles Dodgers,223352402,91,91.0,725,638,0.5586208241598477,90.49657351389533,2454422.0
2016,New York Yankees,213472857,84,84.0,680,702,0.48527718802059927,78.61490445933708,2541343.535714286
2017,Milwaukee Brewers,63061300,86,86.0,732,697,0.5228640488592194,84.70397591519355,733270.9302325582
2017,Tampa Bay Rays,69962532,80,80.0,694,704,0.49336143108876324,79.92455183637965,874531.65
2017,Arizona Diamondbacks,93257600,93,93.0,812,659,0.5970621120375005,96.72406215007508,1002769.8924731183
2017,San Diego Padres,71624400,71,71.0,604,816,0.3633313814071425,58.85968378795708,1008794.3661971831
2017,Oakland Athletics,81738333,75,75.0,739,826,0.4468535748541887,72.39027912637857,1089844.44
2017,Cleveland Guardians,124861165,102,102.0,818,564,0.6654955604611617,107.81028079470819,1224129.068627451
2017,Houston Astros,124343900,101,101.0,896,700,0.6167986248259768,99.92137722180824,1231127.7227722772
2017,Minnesota Twins,108077500,85,85.0,815,788,0.5162544908492732,83.63322751758226,1271500.0
2017,Pittsburgh Pirates,100575946,75,75.0,668,731,0.45826562622331746,74.23903144817743,1341012.6133333333
2017,Cincinnati Reds,93768785,68,68.0,753,869,0.4310558208415141,69.83104297632529,1378952.7205882352
2017,Miami Marlins,111881100,77,77.0,778,822,0.473487156830677,76.70491940656967,1453001.2987012987
2017,Chicago White Sox,99119770,67,67.0,706,820,0.42924532073562743,69.53774195917164,1479399.552238806
2017,Colorado Rockies,130963571,87,87.0,824,757,0.5406794213446376,87.5900662578313,1505328.4022988505
2017,Atlanta Braves,112437541,72,72.0,732,821,0.4453410788332809,72.1452547709915,1561632.513888889
2017,Philadelphia Phillies,111378000,66,66.0,690,782,0.44132278520341756,71.49429120295365,1687545.4545454546
2017,Washington Nationals,167846918,97,97.0,819,672,0.5924394048525634,95.97518358611528,1730380.5979381443
2017,Kansas City Royals,140925250,80,80.0,702,791,0.4437917298026711,71.89426022803272,1761565.625
2017,St. Louis Cardinals,152452933,83,83.0,761,705,0.535895276246534,86.81503475193851,1836782.3253012048
2017,Chicago Cubs,172189880,92,92.0,822,695,0.5790603341003848,93.80777412426234,1871629.1304347827
2017,Seattle Mariners,154800918,78,78.0,750,772,0.4862557496995104,78.77343145132069,1984627.1538461538
2017,Los Angeles Angels,160375333,80,80.0,710,709,0.5006568641642768,81.10641199461284,2004691.6625
2017,Boston Red Sox,199805178,93,93.0,785,668,0.5751566932515784,93.17538430675569,2148442.7741935486
2017,Baltimore Orioles,163676616,75,75.0,743,841,0.44068763565326724,71.3913969758293,2182354.88
2017,New York Yankees,201539699,91,91.0,858,660,0.6221428462725044,100.7871410961457,2214721.967032967
2017,New York Mets,155187460,70,70.0,735,863,0.42319682365351063,68.55788543186873,2216963.714285714
2017,Texas Rangers,175909063,78,78.0,799,816,0.48981837477746115,79.35057671394871,2255244.3974358975
2017,Los Angeles Dodgers,242065828,104,104.0,770,580,0.627319744861925,101.62579866763184,2327556.0384615385
2017,Toronto Blue Jays,177795368,76,76.0,693,784,0.4420958326108685,71.61952488296069,2339412.736842105
2017,San Francisco Giants,172354611,64,64.0,639,776,0.41051898151912913,66.50407500609892,2693040.796875
2017,Detroit Tigers,199750600,64,64.0,735,894,0.40616954443176956,65.79946619794667,3121103.125
2018,Oakland Athletics,68530000,97,97.0,813,674,0.5876510072147149,95.19946316878381,706494.8453608247
2018,Tampa Bay Rays,78730000,90,90.0,716,646,0.5472448259447352,88.6536618030471,874777.7777777778
2018,Milwaukee Brewers,90240000,96,96.0,754,659,0.5622502271996129,91.0845368063373,940000.0
2018,Pittsburgh Pirates,87880000,82,82.0,692,693,0.49933048994258933,80.89153937069948,1071707.3170731708
2018,Chicago White Sox,72180000,62,62.0,656,848,0.38068780441134226,61.67142431463745,1164193.5483870967
2018,Philadelphia Phillies,96850000,80,80.0,677,728,0.466298593988298,75.54037222610427,1210625.0
2018,Atlanta Braves,120540000,90,90.0,759,657,0.5668157402016217,91.82414991266272,1339333.3333333333
2018,San Diego Padres,96130000,66,66.0,617,767,0.40064421522329785,64.90436286617425,1456515.1515151516
2018,Cleveland Guardians,134350000,91,91.0,818,648,0.6078734224248701,98.47549443282895,1476373.6263736263
2018,Cincinnati Reds,101190000,67,67.0,696,819,0.4233295615711089,68.57938897451965,1510298.5074626866
2018,Colorado Rockies,141340000,91,91.0,780,745,0.5217906355020773,84.53008295133652,1553186.8131868131
2018,Houston Astros,160040000,103,103.0,797,534,0.6754492724506764,109.42278213700958,1553786.4077669904
2018,Miami Marlins,98640000,63,63.0,589,809,0.3565977154585035,57.76882990427757,1565714.2857142857
2018,Arizona Diamondbacks,132500000,82,82.0,693,644,0.5335463454476065,86.43450796251226,1615853.6585365853
2018,New York Yankees,168540000,100,100.0,851,669,0.6124243117675783,99.21273850634768,1685400.0
2018,Minnesota Twins,131910000,78,78.0,738,775,0.476794536405719,77.24071489772648,1691153.8461538462
2018,Seattle Mariners,162480000,89,89.0,677,711,0.4773231217595422,77.32634572504584,1825617.97752809
2018,St. Louis Cardinals,161010000,88,88.0,759,691,0.5439027324576255,88.11224265813534,1829659.0909090908
2018,Chicago Cubs,183460000,95,95.0,761,645,0.5761401472827175,93.33470385980023,1931157.894736842
2018,New York Mets,154610000,77,77.0,676,707,0.47926908948948255,77.64159249729617,2007922.0779220778
2018,Los Angeles Dodgers,186140000,92,92.0,804,610,0.6255907391585642,101.3456997436874,2023260.8695652173
2018,Detroit Tigers,129920000,64,64.0,630,796,0.39254910011911864,63.59295421929722,2030000.0
2018,Texas Rangers,144000000,67,67.0,737,848,0.4329148732290036,70.13220946309859,2149253.731343284
2018,Boston Red Sox,235650000,108,108.0,876,647,0.640254246324777,103.72118790461387,2181944.4444444445
2018,Los Angeles Angels,175100000,80,80.0,721,722,0.49935094406322117,80.89485293824183,2188750.0
2018,Washington Nationals,181590000,82,82.0,771,682,0.5573014509592732,90.28283505540226,2214512.1951219514
2018,Toronto Blue Jays,162316000,73,73.0,709,832,0.42424535655724877,68.7277477622743,2223506.8493150687
2018,Kansas City Royals,129920000,58,58.0,638,833,0.3769931660473633,61.07289289967286,2240000.0
2018,San Francisco Giants,208510000,73,73.0,603,699,0.4332302210394415,70.18329580838952,2856301.3698630137
2018,Baltimore Orioles,143090000,47,47.0,622,892,0.3352125481625343,54.30443280233056,3044468.085106383
2019,Tampa Bay Rays,53444931,96,96.0,769,656,0.573619382082858,92.92633989742299,556718.03125
2019,Oakland Athletics,91318333,97,97.0,845,680,0.6019130302864115,97.50991090639867,941426.1134020619
2019,Toronto Blue Jays,63171171,67,67.0,726,828,0.4374426966120531,70.8657168511526,942853.2985074627
2019,San Diego Padres,74033835,70,70.0,682,789,0.43180260933387615,69.95202271208794,1057626.2142857143
2019,Pittsburgh Pirates,74808002,69,69.0,758,911,0.41118047955240167,66.61123768748907,1084173.9420289856
2019,Minnesota Twins,113326933,101,101.0,939,754,0.605946429591788,98.16332159386965,1122048.8415841584
2019,Atlanta Braves,113376043,97,97.0,855,743,0.5672940308619361,91.90163299963365,1168825.1855670102
2019,Chicago White Sox,88312121,72,72.0,708,832,0.4234676585478033,68.60176068474414,1226557.236111111
2019,Miami Marlins,71239714,57,57.0,615,808,0.37537628389591643,60.81095799113846,1249819.5438596492
2019,Arizona Diamondbacks,107901831,85,85.0,813,743,0.5429788278917799,87.96257011846834,1269433.3058823529
2019,Cleveland Guardians,118991701,93,93.0,769,657,0.5729383657013362,92.81601524361646,1279480.6559139786
2019,Baltimore Orioles,72682882,54,54.0,729,981,0.3580329369690319,58.00133578898316,1345979.2962962964
2019,Texas Rangers,106017564,78,78.0,810,878,0.46059375731559193,74.61618868512589,1359199.5384615385
2019,Milwaukee Brewers,121530400,89,89.0,769,766,0.5018632182000439,81.30184134840711,1365510.1123595505
2019,Los Angeles Dodgers,152119998,106,106.0,886,613,0.667648616698691,108.15907590518795,1435094.3207547169
2019,Houston Astros,159719666,107,107.0,920,640,0.6671154870368395,108.072708899968,1492707.1588785048
2019,Kansas City Royals,96547237,59,59.0,691,869,0.39196667469676993,63.49860130087673,1636393.847457627
2019,New York Mets,142149270,86,86.0,791,737,0.5336107702470658,86.44494478002467,1652898.488372093
2019,Cincinnati Reds,126423214,75,75.0,701,711,0.49340842563377113,79.93216495267092,1685642.8533333333
2019,Philadelphia Phillies,140711962,81,81.0,774,794,0.4877672434717425,79.01829344242229,1737184.7160493827
2019,Washington Nationals,161715381,93,93.0,873,724,0.5892597106158712,95.46007311977114,1738875.064516129
2019,St. Louis Cardinals,158370266,91,91.0,764,662,0.566483694886833,91.77035857166695,1740332.5934065934
2019,New York Yankees,206084848,103,103.0,943,739,0.6170756136826183,99.96624941658416,2000823.7669902912
2019,Seattle Mariners,138864075,68,68.0,758,893,0.42089094238215796,68.1843326659096,2042118.75
2019,Colorado Rockies,145932999,71,71.0,835,958,0.431935637384881,69.97357325635072,2055394.352112676
2019,Detroit Tigers,101923400,47,47.0,582,915,0.2977505943501238,48.23559628472005,2168582.9787234045
2019,Los Angeles Angels,158878583,72,72.0,769,868,0.44146814864787776,71.51784008095619,2206646.986111111
2019,San Francisco Giants,178271237,77,77.0,678,773,0.4388026262663802,71.0860254551536,2315210.8701298703
2019,Boston Red Sox,202921500,84,84.0,901,828,0.5415784611348382,87.7357107038438,2415732.1428571427
2019,Chicago Cubs,205556714,84,84.0,814,717,0.560144760866467,90.74345126036766,2447103.738095238
2020,Miami Marlins,47861700,31,83.7,263,304,0.43143013213967385,69.89168140662716,571824.3727598566
2020,Tampa Bay Rays,65812166,40,108.0,289,229,0.6063522436044038,98.2290634639134,609371.9074074074
2020,Baltimore Orioles,52415682,25,67.5,274,294,0.46647662148336405,75.56921268030497,776528.6222222223
2020,Pittsburgh Pirates,42119000,19,51.3,219,298,0.36088849255895844,58.46393579455127,821033.1384015596
2020,Cleveland Guardians,89004234,35,94.5,248,209,0.5760086798219199,93.31340613115103,941843.746031746
2020,Seattle Mariners,70343800,27,72.9,254,303,0.4171779578706194,67.58282917504035,964935.5281207132
2020,Oakland Athletics,94318433,36,97.2,274,232,0.5761101231648794,93.32983995271047,970354.2489711933
2020,Toronto Blue Jays,92582371,32,86.4,302,312,0.4841302877445646,78.42910661461947,1071555.2199074074
2020,Kansas City Royals,83278225,26,70.2,248,272,0.4571860507684283,74.06414022448539,1186299.5014245014
2020,Milwaukee Brewers,97535926,29,78.3,247,264,0.46926749919787897,76.02133487005639,1245669.5530012771
2020,Chicago White Sox,120898499,35,94.5,306,246,0.6017200785534631,97.47865272566102,1279349.1957671957
2020,Arizona Diamondbacks,86471066,25,67.5,269,295,0.45623298239069415,73.90974314729246,1281052.8296296296
2020,Minnesota Twins,127610333,36,97.2,269,215,0.6005972356193685,97.2967521703377,1312863.5082304527
2020,San Diego Padres,140317600,37,99.9,325,241,0.6386318764059142,103.45836397775811,1404580.5805805805
2020,Detroit Tigers,96832300,23,62.1,249,318,0.38448030710724557,62.28580975137378,1559296.2962962962
2020,Atlanta Braves,149466875,35,94.5,348,288,0.5920948430414452,95.91936457271413,1581660.052910053
2020,Los Angeles Dodgers,189065000,43,116.1,349,213,0.7187720694746874,116.44107525489936,1628466.8389319554
2020,Cincinnati Reds,143143673,31,83.7,243,243,0.5,81.0,1710199.1995221027
2020,San Francisco Giants,144994027,29,78.3,299,297,0.5032427655373858,81.5253280170565,1851775.5683269477
2020,Boston Red Sox,120361000,24,64.8,292,351,0.4101091239785601,66.43767808452674,1857422.8395061728
2020,Colorado Rockies,136399833,26,70.2,275,353,0.37991956405420924,61.546969376781895,1943017.564102564
2020,St. Louis Cardinals,160781766,30,81.0,240,229,0.5213563955894837,84.45973608549635,1984960.0740740742
2020,Philadelphia Phillies,152877962,28,75.6,306,311,0.49209120057903255,79.71877449380327,2022195.2645502647
2020,New York Mets,142288337,26,70.2,286,308,0.46428816987545457,75.21468351982364,2026899.3874643873
2020,Chicago Cubs,188959500,34,91.8,265,240,0.5455286077265031,88.37563445169351,2058382.3529411766
2020,Washington Nationals,159242411,26,70.2,293,301,0.48699982449444407,78.89397156809994,2268410.413105413
2020,Texas Rangers,137834500,22,59.4,224,312,0.3495067041174749,56.62008606703094,2320446.127946128
2020,New York Yankees,214291339,33,89.1,315,270,0.5735474718546795,92.91469044045807,2405065.533108867
2020,Los Angeles Angels,176329344,26,70.2,294,321,0.45726783344307265,74.07738901777776,2511814.017094017
2020,Houston Astros,212321933,29,78.3,279,275,0.5068321696169173,82.10681147794061,2711646.6538952747
2021,Cleveland Guardians,46833300,80,80.0,717,727,0.4935129034875423,79.94909036498186,585416.25
2021,Pittsburgh Pirates,35905000,61,61.0,609,833,0.3574174509117572,57.901627047704665,588606.5573770492
2021,Tampa Bay Rays,60388600,100,100.0,857,651,0.6275084062724647,101.65636181613928,603886.0
2021,Seattle Mariners,64553500,90,90.0,697,748,0.46696525939116834,75.64837202136927,717261.1111111111
2021,Miami Marlins,49425000,67,67.0,623,701,0.4463149259393662,72.30301800217732,737686.567164179
2021,Oakland Athletics,74615000,86,86.0,743,687,0.5365359174349495,86.91881862446182,867616.2790697674
2021,Baltimore Orioles,45701135,52,52.0,659,956,0.32744215861694054,53.04562969594437,878867.9807692308
2021,Milwaukee Brewers,87569366,95,95.0,738,623,0.577380091122265,93.53557476180693,921782.8
2021,Detroit Tigers,80398600,77,77.0,697,756,0.46194654818184394,74.83534080545871,1044137.6623376623
2021,Kansas City Royals,87779400,74,74.0,686,788,0.43505660147411523,70.47916943880666,1186208.1081081082
2021,San Francisco Giants,127889903,107,107.0,804,594,0.6368955681877755,103.17708204641963,1195232.738317757
2021,Chicago White Sox,125987500,93,93.0,796,636,0.6033443967983768,97.74179228133704,1354704.3010752688
2021,Colorado Rockies,103986666,74,74.0,739,796,0.46457888810946624,75.26177987373353,1405225.2162162163
2021,Texas Rangers,84868750,60,60.0,625,815,0.37826654707526186,61.27918062619242,1414479.1666666667
2021,Cincinnati Reds,118748164,83,83.0,786,760,0.5160619278364215,83.60203230950027,1430700.7710843373
2021,St. Louis Cardinals,135047200,90,90.0,706,672,0.5227939946566894,84.69262713438368,1500524.4444444445
2021,Toronto Blue Jays,137133333,91,91.0,846,663,0.6136009822281939,99.40335912096742,1506959.7032967033
2021,Atlanta Braves,134459435,88,88.0,790,656,0.5863747066704613,94.99270248061474,1527948.125
2021,Minnesota Twins,121003834,73,73.0,729,834,0.435880152096797,70.61258463968112,1657586.7671232878
2021,Arizona Diamondbacks,89077233,52,52.0,679,893,0.37146129822629476,60.17673031265975,1713023.7115384615
2021,Houston Astros,171018567,95,95.0,863,658,0.6261552043285018,101.43714310121729,1800195.4421052632
2021,Boston Red Sox,180261996,92,92.0,829,749,0.5486046443991683,88.87395239266527,1959369.5217391304
2021,New York Yankees,191205631,92,92.0,711,669,0.5281209702144576,85.55559717474213,2078322.0760869565
2021,Chicago Cubs,149665500,71,71.0,705,839,0.4176695496623967,67.66246704530828,2107964.7887323946
2021,Philadelphia Phillies,174009000,82,82.0,734,745,0.49298505803182974,79.86357940115641,2122060.975609756
2021,San Diego Padres,171686600,79,79.0,729,708,0.5136683004631262,83.21426467502644,2173248.101265823
2021,New York Mets,167415024,77,77.0,636,668,0.4776851045018951,77.384986929307,2174221.090909091
2021,Los Angeles Dodgers,235412876,106,106.0,830,561,0.6739365650348518,109.17772353564598,2220876.1886792453
2021,Los Angeles Angels,177353000,77,77.0,723,804,0.44962916929283514,72.83992542543929,2303285.714285714
2021,Washington Nationals,161907528,65,65.0,724,820,0.4408267375046097,71.41393147574678,2490885.046153846
2022,Baltimore Orioles,30221166,83,83.0,674,688,0.49053191099851173,79.4661695817589,364110.4337349398
2022,Cleveland Guardians,42310000,92,92.0,698,634,0.5438997951691145,88.11176681739654,459891.3043478261
2022,Oakland Athletics,32548334,60,60.0,568,770,0.3640740653154422,58.97999858110163,542472.2333333333
2022,Pittsburgh Pirates,37875000,62,62.0,591,817,0.35381351737015787,57.317789813965575,610887.0967741936
2022,Tampa Bay Rays,75347813,86,86.0,666,614,0.5367162627678908,86.9480345683983,876137.3604651163
2022,Miami Marlins,69000000,69,69.0,586,676,0.4359715057277503,70.62738392789555,1000000.0
2022,Arizona Diamondbacks,75993333,74,74.0,702,740,0.47533798497934826,77.00475356665441,1026936.9324324324
2022,Seattle Mariners,92745714,90,90.0,690,623,0.5464211728068288,88.52022999470626,1030507.9333333333
2022,Kansas City Royals,74110000,65,65.0,640,810,0.3912954688387575,63.38986595187871,1140153.8461538462
2022,Minnesota Twins,110859524,78,78.0,696,684,0.5080400761673699,82.30249233911393,1421275.9487179487
2022,Milwaukee Brewers,122281128,86,86.0,725,688,0.5243637855850299,84.94693326477486,1421873.5813953488
2022,Houston Astros,163939599,106,106.0,737,518,0.6535244073489868,105.87095399053585,1546599.9905660378
2022,Cincinnati Reds,99580000,62,62.0,648,815,0.3938363293633954,63.80148535687005,1606129.0322580645
2022,St. Louis Cardinals,150746666,93,93.0,772,637,0.5884585747471025,95.3302891090306,1620931.8924731184
2022,Atlanta Braves,173935000,101,101.0,789,609,0.6179048662526463,100.1005883329287,1722128.712871287
2022,San Francisco Giants,142292500,81,81.0,716,697,0.5125163261820164,83.02764484148665,1756697.5308641975
2022,Detroit Tigers,116040000,66,66.0,557,713,0.39034263109079265,63.23550623670841,1758181.8181818181
2022,Chicago Cubs,130560000,74,74.0,657,731,0.45073394318615007,73.01889879615631,1764324.3243243243
2022,Toronto Blue Jays,168070905,92,92.0,775,679,0.5617464237546921,91.00292064826012,1826857.6630434783
2022,Colorado Rockies,129452166,68,68.0,698,873,0.39426781084479506,63.8713853568568,1903708.3235294118
2022,Texas Rangers,134961333,68,68.0,707,743,0.47672650412167356,77.22969366771112,1984725.4852941176
2022,Washington Nationals,114623095,55,55.0,603,855,0.3416324643576584,55.34445922594067,2084056.2727272727
2022,Chicago White Sox,181660734,81,81.0,686,717,0.4794800896223884,77.67577451882693,2242725.111111111
2022,Los Angeles Angels,169413094,73,73.0,623,668,0.4684093622390206,75.88231668272134,2320727.315068493
2022,San Diego Padres,208772618,89,89.0,705,660,0.5303616164008175,85.91858185693243,2345759.7528089886
2022,New York Yankees,240290714,99,99.0,807,567,0.6574456837957074,106.50620077490461,2427178.9292929294
2022,Los Angeles Dodgers,277108333,111,111.0,847,513,0.7157390617440073,115.94972800252917,2496471.4684684686
2022,Boston Red Sox,195166000,78,78.0,735,787,0.4675407304245861,75.74159832878294,2502128.205128205
2022,New York Mets,253119999,101,101.0,772,606,0.6100553732961933,98.82897047398332,2506138.6039603963
2022,Philadelphia Phillies,221738462,87,87.0,747,685,0.5403986973829167,87.5445889760325,2548717.9540229887
2023,Baltimore Orioles,64907966,101,101.0,807,678,0.5815064641936669,94.20404719937405,642653.1287128713
2023,Tampa Bay Rays,64652911,99,99.0,860,665,0.6199603898151331,100.43358315005156,653059.7070707071
2023,Pittsburgh Pirates,60787500,76,76.0,692,790,0.43782283190719984,70.92729876896638,799835.5263157894
2023,Oakland Athletics,43145000,50,50.0,585,924,0.29581846848606885,47.92259189474316,862900.0
2023,Miami Marlins,81075000,84,84.0,666,723,0.46203576677662994,74.84979421781405,965178.5714285715
2023,Cleveland Guardians,75010000,76,76.0,662,697,0.47630305670680523,77.16109518650245,986973.6842105263
2023,Cincinnati Reds,86374500,82,82.0,783,821,0.4771392512380799,77.29655870056894,1053347.5609756098
2023,Washington Nationals,79983095,71,71.0,700,845,0.411052091565916,66.59043883367839,1126522.4647887324
2023,Milwaukee Brewers,108644960,92,92.0,728,647,0.5542629914910743,89.79060462155404,1180923.4782608696
2023,Arizona Diamondbacks,112763571,84,84.0,746,761,0.4905615983295575,79.47097892938831,1342423.4642857143
2023,Detroit Tigers,105338500,78,78.0,661,740,0.44776885055487436,72.53855378988965,1350493.5897435897
2023,Kansas City Royals,75825000,56,56.0,676,859,0.3877454188368611,62.8147578515715,1354017.857142857
2023,Seattle Mariners,129814047,88,88.0,758,659,0.5648341530597291,91.50313279567611,1475159.625
2023,Minnesota Twins,141271190,87,87.0,778,659,0.5770271242337363,93.47839412586528,1623806.7816091955
2023,Atlanta Braves,199727500,104,104.0,947,716,0.6331017454533377,102.56248276344071,1920456.7307692308
2023,Houston Astros,180888333,90,90.0,827,698,0.5799925524090358,93.9587934902638,2009870.3666666667
2023,Texas Rangers,183578160,90,90.0,881,716,0.5986697946311841,96.98450673025182,2039757.3333333333
2023,St. Louis Cardinals,147770834,71,71.0,719,829,0.4323932778936193,70.04771101876632,2081279.352112676
2023,Chicago Cubs,180115000,83,83.0,819,723,0.5592276580633728,90.5948806062664,2170060.2409638553
2023,Los Angeles Dodgers,218332634,100,100.0,906,699,0.6226817375809999,100.87444148812197,2183326.34
2023,San Francisco Giants,175590000,79,79.0,674,719,0.4700741622294879,76.15201428117703,2222658.2278481014
2023,Boston Red Sox,175783182,78,78.0,772,776,0.4975306086067941,80.59995859430065,2253630.5384615385
2023,Toronto Blue Jays,205680777,89,89.0,746,671,0.5492007976400703,88.97052921769139,2311019.966292135
2023,Philadelphia Phillies,232424939,90,90.0,796,715,0.5507489590060722,89.2213313589837,2582499.322222222
2023,Los Angeles Angels,204088094,73,73.0,739,829,0.44510617430050864,72.1072002366824,2795727.315068493
2023,Colorado Rockies,166250466,59,59.0,721,957,0.36496255245848047,59.123933498273836,2817804.5084745763
2023,San Diego Padres,236962024,82,82.0,752,648,0.5686643494302267,92.12362460769673,2889780.7804878047
2023,Chicago White Sox,180911666,61,61.0,641,841,0.37458606260744554,60.682942142406176,2965765.0163934426
2023,New York Yankees,268954047,82,82.0,673,698,0.48317497803305,78.2743464413541,3279927.4024390243
2023,New York Mets,334233332,75,75.0,717,729,0.49222329911538387,79.74017445669219,4456444.426666667
2024,Oakland Athletics,47905000,69,69.0,643,764,0.4205184771314256,68.12399329529094,694275.3623188406
2024,Cleveland Guardians,86433928,92,92.0,708,621,0.5597854874536676,90.68524896749416,939499.2173913043
2024,Pittsburgh Pirates,72014000,76,76.0,665,739,0.4511333816541047,73.08360782796497,947552.6315789474
2024,Milwaukee Brewers,94484960,93,93.0,777,641,0.588705418065575,95.37027772662314,1015967.3118279569
2024,Baltimore Orioles,94495168,91,91.0,786,699,0.5551624721978188,89.93632049604665,1038408.4395604396
2024,Tampa Bay Rays,88066012,80,80.0,604,663,0.4580527326760915,74.20454269352682,1100825.15
2024,Detroit Tigers,95073933,86,86.0,682,642,0.5275856999174338,85.46888338662427,1105510.8488372094
2024,Cincinnati Reds,88123333,77,77.0,699,694,0.5033278788340182,81.53911637111095,1144458.87012987
2024,Kansas City Royals,105219570,86,86.0,735,644,0.5607923581278333,90.848362016709,1223483.3720930233
2024,Washington Nationals,95371429,71,71.0,660,764,0.4321566765450894,70.00938160030448,1343259.5633802817
2024,Miami Marlins,83710000,62,62.0,637,841,0.37191706469074975,60.25056447990146,1350161.2903225806
2024,Minnesota Twins,118886590,82,82.0,742,735,0.5044684883598058,81.72389511428855,1449836.463414634
2024,Seattle Mariners,129158333,85,85.0,676,607,0.5485924717115064,88.87198041726403,1519509.8
2024,San Diego Padres,153765453,93,93.0,760,669,0.5592766360232396,90.60281503576482,1653391.9677419355
2024,Arizona Diamondbacks,156511716,89,89.0,886,788,0.5570335267690734,90.23943133658989,1758558.606741573
2024,St. Louis Cardinals,164301667,83,83.0,672,719,0.46871454828059883,75.93175682145701,1979538.156626506
2024,Boston Red Sox,162324847,81,81.0,751,747,0.5025278808238739,81.40951669346757,2004010.4567901234
2024,Colorado Rockies,134099285,61,61.0,682,929,0.354904108658658,57.4944656027026,2198348.9344262294
2024,Los Angeles Dodgers,220691666,98,98.0,842,686,0.5963248632869492,96.60462785248578,2251955.775510204
2024,San Francisco Giants,188767909,80,80.0,693,699,0.49600451857355365,80.3527320089157,2359598.8625
2024,Philadelphia Phillies,236182617,95,95.0,784,671,0.572543133581775,92.75198764024755,2486132.8105263156
2024,Los Angeles Angels,158818094,63,63.0,635,797,0.3953908458746173,64.05331703168801,2520922.126984127
2024,Atlanta Braves,225315000,89,89.0,704,607,0.5671311983582912,91.87525413404317,2531629.213483146
2024,Chicago Cubs,216330000,83,83.0,736,669,0.5442397973516588,88.16684717096874,2606385.5421686745
2024,Houston Astros,237303141,88,88.0,740,649,0.560588310488574,90.815306299149,2696626.602272727
2024,Texas Rangers,221955000,78,78.0,683,738,0.463953325052792,75.16043865855231,2845576.923076923
2024,Chicago White Sox,117773333,41,41.0,507,813,0.2968756122521331,48.09384918484556,2872520.3170731706
2024,Toronto Blue Jays,221876784,74,74.0,671,743,0.45268751446172517,73.33537734279948,2998334.918918919
2024,New York Yankees,293666666,94,94.0,815,668,0.5927896825055644,96.03192856590144,3124113.4680851065
2024,New York Mets,301731074,89,89.0,768,697,0.545498037772556,88.37068211915407,3390236.786516854
2025,Miami Marlins,47000000,79,79.0,709,798,0.44416263684349283,71.95434716864584,594936.7088607595
2025,Oakland Athletics,55000000,76,76.0,733,817,0.44832455894132794,72.62857854849513,723684.2105263158
2025,Cleveland Guardians,82000000,88,88.0,643,649,0.4957864018543834,80.3173971004101,931818.1818181818
2025,Tampa Bay Rays,73000000,77,77.0,714,683,0.5205826673085496,84.33439210398504,948051.9480519481
2025,Milwaukee Brewers,94000000,97,97.0,806,634,0.6104868122521158,98.89886358484276,969072.1649484537
2025,Chicago White Sox,59000000,60,60.0,647,742,0.43687934882482493,70.77445450962163,983333.3333333334
2025,Pittsburgh Pirates,75000000,71,71.0,583,645,0.4549368208384509,73.69976497582904,1056338.028169014
2025,Cincinnati Reds,103000000,83,83.0,716,681,0.523235935463772,84.76422154513106,1240963.8554216868
2025,Kansas City Royals,113000000,82,82.0,651,637,0.5098527644943428,82.59614784808353,1378048.780487805
2025,Detroit Tigers,131000000,87,87.0,758,691,0.543280652175679,88.01146565246,1505747.1264367816
2025,Washington Nationals,100000000,66,66.0,687,899,0.37340483347211445,60.491583022482544,1515151.5151515151
2025,Seattle Mariners,138000000,90,90.0,766,694,0.5462484693033904,88.49225202714925,1533333.3333333333
2025,St. Louis Cardinals,122000000,78,78.0,689,754,0.4578828173853555,74.17701641642759,1564102.564102564
2025,San Francisco Giants,158000000,81,81.0,705,684,0.5140033290434168,83.26853930503353,1950617.2839506173
2025,Minnesota Twins,137000000,70,70.0,678,773,0.4388026262663802,71.0860254551536,1957142.857142857
2025,Baltimore Orioles,150000000,75,75.0,677,788,0.42907255908456887,69.50975457170016,2000000.0
2025,Chicago Cubs,184000000,92,92.0,793,649,0.5927371017456735,96.02341048279911,2000000.0
2025,Boston Red Sox,184000000,89,89.0,786,676,0.5703965454330495,92.40424036015402,2067415.7303370787
2025,Arizona Diamondbacks,174000000,80,80.0,791,785,0.5036570190227263,81.59243708168167,2175000.0
2025,San Diego Padres,197000000,90,90.0,702,621,0.5557679749065234,90.03441193485679,2188888.888888889
2025,Houston Astros,204000000,87,87.0,686,665,0.5142829539469481,83.3138385394056,2344827.5862068967
2025,Toronto Blue Jays,233000000,94,94.0,798,721,0.5480737481070527,88.78794719334253,2478723.404255319
2025,Texas Rangers,206000000,81,81.0,684,605,0.555413170893956,89.97693368482088,2543209.87654321
2025,Colorado Rockies,112000000,43,43.0,597,1021,0.26139013961693314,42.345202617943166,2604651.1627906975
2025,Atlanta Braves,202000000,76,76.0,724,734,0.49355737499656693,79.95629474944384,2657894.736842105
2025,Los Angeles Angels,192000000,72,72.0,673,837,0.39798796606289105,64.47405050218835,2666666.6666666665
2025,New York Yankees,272000000,94,94.0,849,685,0.600890797928642,97.34430926444,2893617.0212765955
2025,Philadelphia Phillies,278000000,96,96.0,778,648,0.5845113333883838,94.69083600891817,2895833.3333333335
2025,Los Angeles Dodgers,321000000,93,93.0,825,683,0.5886346727797204,95.3588169903147,3451612.9032258065
2025,New York Mets,315000000,83,83.0,766,715,0.532461163679866,86.25870851613828,3795180.7228915663
