season,team,opening_day_payroll_usd,source,notes
2000,Arizona Diamondbacks,81027833,stevetheump.com (compiled from AP / Spotrac / Cot's),
2000,Atlanta Braves,84537836,stevetheump.com (compiled from AP / Spotrac / Cot's),
2000,Baltimore Orioles,81447435,stevetheump.com (compiled from AP / Spotrac / Cot's),
2000,Boston Red Sox,77940333,stevetheump.com (compiled from AP / Spotrac / Cot's),
2000,Chicago Cubs,60539333,stevetheump.com (compiled from AP / Spotrac / Cot's),
2000,Chicago White Sox,31133500,stevetheump.com (compiled from AP / Spotrac / Cot's),
2000,Cincinnati Reds,46867200,stevetheump.com (compiled from AP / Spotrac / Cot's),
2000,Cleveland Guardians,75880871,stevetheump.com (compiled from AP / Spotrac / Cot's),
2000,Colorado Rockies,61111190,stevetheump.com (compiled from AP / Spotrac / Cot's),
2000,Detroit Tigers,58265167,stevetheump.com (compiled from AP / Spotrac / Cot's),
2000,Houston Astros,51289111,stevetheump.com (compiled from AP / Spotrac / Cot's),
2000,Kansas City Royals,23433000,stevetheump.com (compiled from AP / Spotrac / Cot's),
2000,Los Angeles Angels,51464167,stevetheump.com (compiled from AP / Spotrac / Cot's),
2000,Los Angeles Dodgers,88124286,stevetheump.com (compiled from AP / Spotrac / Cot's),
2000,Miami Marlins,20072000,stevetheump.com (compiled from AP / Spotrac / Cot's),
2000,Milwaukee Brewers,36505333,stevetheump.com (compiled from AP / Spotrac / Cot's),
2000,Minnesota Twins,16519500,stevetheump.com (compiled from AP / Spotrac / Cot's),
2000,New York Mets,79509776,stevetheump.com (compiled from AP / Spotrac / Cot's),
2000,New York Yankees,92538260,stevetheump.com (compiled from AP / Spotrac / Cot's),
2000,Oakland Athletics,31971333,stevetheump.com (compiled from AP / Spotrac / Cot's),
2000,Philadelphia Phillies,47308000,stevetheump.com (compiled from AP / Spotrac / Cot's),
2000,Pittsburgh Pirates,28928333,stevetheump.com (compiled from AP / Spotrac / Cot's),
2000,San Diego Padres,54821000,stevetheump.com (compiled from AP / Spotrac / Cot's),
2000,San Francisco Giants,53737826,stevetheump.com (compiled from AP / Spotrac / Cot's),
2000,Seattle Mariners,58915000,stevetheump.com (compiled from AP / Spotrac / Cot's),
2000,St. Louis Cardinals,61453863,stevetheump.com (compiled from AP / Spotrac / Cot's),
2000,Tampa Bay Rays,62765129,stevetheump.com (compiled from AP / Spotrac / Cot's),
2000,Texas Rangers,70795921,stevetheump.com (compiled from AP / Spotrac / Cot's),
2000,Toronto Blue Jays,46238333,stevetheump.com (compiled from AP / Spotrac / Cot's),
2000,Washington Nationals,34807833,stevetheump.com (compiled from AP / Spotrac / Cot's),
2001,Arizona Diamondbacks,81206513,stevetheump.com (compiled from AP / Spotrac / Cot's),
2001,Atlanta Braves,91851687,stevetheump.com (compiled from AP / Spotrac / Cot's),
2001,Baltimore Orioles,72426328,stevetheump.com (compiled from AP / Spotrac / Cot's),
2001,Boston Red Sox,109558908,stevetheump.com (compiled from AP / Spotrac / Cot's),
2001,Chicago Cubs,64015833,stevetheump.com (compiled from AP / Spotrac / Cot's),
2001,Chicago White Sox,62363000,stevetheump.com (compiled from AP / Spotrac / Cot's),
2001,Cincinnati Reds,45227882,stevetheump.com (compiled from AP / Spotrac / Cot's),
2001,Cleveland Guardians,91974979,stevetheump.com (compiled from AP / Spotrac / Cot's),
2001,Colorado Rockies,71068000,stevetheump.com (compiled from AP / Spotrac / Cot's),
2001,Detroit Tigers,49831167,stevetheump.com (compiled from AP / Spotrac / Cot's),
2001,Houston Astros,60382667,stevetheump.com (compiled from AP / Spotrac / Cot's),
2001,Kansas City Royals,35643000,stevetheump.com (compiled from AP / Spotrac / Cot's),
2001,Los Angeles Angels,46568180,stevetheump.com (compiled from AP / Spotrac / Cot's),
2001,Los Angeles Dodgers,108980952,stevetheump.com (compiled from AP / Spotrac / Cot's),
2001,Miami Marlins,35504167,stevetheump.com (compiled from AP / Spotrac / Cot's),
2001,Milwaukee Brewers,43089333,stevetheump.com (compiled from AP / Spotrac / Cot's),
2001,Minnesota Twins,24350000,stevetheump.com (compiled from AP / Spotrac / Cot's),
2001,New York Mets,93174428,stevetheump.com (compiled from AP / Spotrac / Cot's),
2001,New York Yankees,109791893,stevetheump.com (compiled from AP / Spotrac / Cot's),
2001,Oakland Athletics,33810750,stevetheump.com (compiled from AP / Spotrac / Cot's),
2001,Philadelphia Phillies,41664167,stevetheump.com (compiled from AP / Spotrac / Cot's),
2001,Pittsburgh Pirates,52698333,stevetheump.com (compiled from AP / Spotrac / Cot's),
2001,San Diego Padres,38333117,stevetheump.com (compiled from AP / Spotrac / Cot's),
2001,San Francisco Giants,63332667,stevetheump.com (compiled from AP / Spotrac / Cot's),
2001,Seattle Mariners,75652500,stevetheump.com (compiled from AP / Spotrac / Cot's),
2001,St. Louis Cardinals,77270855,stevetheump.com (compiled from AP / Spotrac / Cot's),
2001,Tampa Bay Rays,54951602,stevetheump.com (compiled from AP / Spotrac / Cot's),
2001,Texas Rangers,88504421,stevetheump.com (compiled from AP / Spotrac / Cot's),
2001,Toronto Blue Jays,75798500,stevetheump.com (compiled from AP / Spotrac / Cot's),
2001,Washington Nationals,34774500,stevetheump.com (compiled from AP / Spotrac / Cot's),
2002,Arizona Diamondbacks,102820000,stevetheump.com (compiled from AP / Spotrac / Cot's),
2002,Atlanta Braves,93470367,stevetheump.com (compiled from AP / Spotrac / Cot's),
2002,Baltimore Orioles,60493487,stevetheump.com (compiled from AP / Spotrac / Cot's),
2002,Boston Red Sox,108366060,stevetheump.com (compiled from AP / Spotrac / Cot's),
2002,Chicago Cubs,75690833,stevetheump.com (compiled from AP / Spotrac / Cot's),
2002,Chicago White Sox,57052833,stevetheump.com (compiled from AP / Spotrac / Cot's),
2002,Cincinnati Reds,45050390,stevetheump.com (compiled from AP / Spotrac / Cot's),
2002,Cleveland Guardians,78909448,stevetheump.com (compiled from AP / Spotrac / Cot's),
2002,Colorado Rockies,56851043,stevetheump.com (compiled from AP / Spotrac / Cot's),
2002,Detroit Tigers,55048000,stevetheump.com (compiled from AP / Spotrac / Cot's),
2002,Houston Astros,63448417,stevetheump.com (compiled from AP / Spotrac / Cot's),
2002,Kansas City Royals,47257000,stevetheump.com (compiled from AP / Spotrac / Cot's),
2002,Los Angeles Angels,61721667,stevetheump.com (compiled from AP / Spotrac / Cot's),
2002,Los Angeles Dodgers,94850952,stevetheump.com (compiled from AP / Spotrac / Cot's),
2002,Miami Marlins,41979917,stevetheump.com (compiled from AP / Spotrac / Cot's),
2002,Milwaukee Brewers,50287833,stevetheump.com (compiled from AP / Spotrac / Cot's),
2002,Minnesota Twins,40225000,stevetheump.com (compiled from AP / Spotrac / Cot's),
2002,New York Mets,94633593,stevetheump.com (compiled from AP / Spotrac / Cot's),
2002,New York Yankees,125928583,stevetheump.com (compiled from AP / Spotrac / Cot's),
2002,Oakland Athletics,39679746,stevetheump.com (compiled from AP / Spotrac / Cot's),
2002,Philadelphia Phillies,57955000,stevetheump.com (compiled from AP / Spotrac / Cot's),
2002,Pittsburgh Pirates,42323598,stevetheump.com (compiled from AP / Spotrac / Cot's),
2002,San Diego Padres,41425000,stevetheump.com (compiled from AP / Spotrac / Cot's),
2002,San Francisco Giants,78299835,stevetheump.com (compiled from AP / Spotrac / Cot's),
2002,Seattle Mariners,80282668,stevetheump.com (compiled from AP / Spotrac / Cot's),
2002,St. Louis Cardinals,74098267,stevetheump.com (compiled from AP / Spotrac / Cot's),
2002,Tampa Bay Rays,34380000,stevetheump.com (compiled from AP / Spotrac / Cot's),
2002,Texas Rangers,105302124,stevetheump.com (compiled from AP / Spotrac / Cot's),
2002,Toronto Blue Jays,76864333,stevetheump.com (compiled from AP / Spotrac / Cot's),
2002,Washington Nationals,38670500,stevetheump.com (compiled from AP / Spotrac / Cot's),
2003,Arizona Diamondbacks,80640333,stevetheump.com (compiled from AP / Spotrac / Cot's),
2003,Atlanta Braves,106243667,stevetheump.com (compiled from AP / Spotrac / Cot's),
2003,Baltimore Orioles,73877500,stevetheump.com (compiled from AP / Spotrac / Cot's),
2003,Boston Red Sox,99946500,stevetheump.com (compiled from AP / Spotrac / Cot's),
2003,Chicago Cubs,79868333,stevetheump.com (compiled from AP / Spotrac / Cot's),
2003,Chicago White Sox,51010000,stevetheump.com (compiled from AP / Spotrac / Cot's),
2003,Cincinnati Reds,59355667,stevetheump.com (compiled from AP / Spotrac / Cot's),
2003,Cleveland Guardians,48584834,stevetheump.com (compiled from AP / Spotrac / Cot's),
2003,Colorado Rockies,67179667,stevetheump.com (compiled from AP / Spotrac / Cot's),
2003,Detroit Tigers,49168000,stevetheump.com (compiled from AP / Spotrac / Cot's),
2003,Houston Astros,71040000,stevetheump.com (compiled from AP / Spotrac / Cot's),
2003,Kansas City Royals,40518000,stevetheump.com (compiled from AP / Spotrac / Cot's),
2003,Los Angeles Angels,79031667,stevetheump.com (compiled from AP / Spotrac / Cot's),
2003,Los Angeles Dodgers,105872620,stevetheump.com (compiled from AP / Spotrac / Cot's),
2003,Miami Marlins,49050000,stevetheump.com (compiled from AP / Spotrac / Cot's),
2003,Milwaukee Brewers,40627000,stevetheump.com (compiled from AP / Spotrac / Cot's),
2003,Minnesota Twins,55505000,stevetheump.com (compiled from AP / Spotrac / Cot's),
2003,New York Mets,117176429,stevetheump.com (compiled from AP / Spotrac / Cot's),
2003,New York Yankees,152749814,stevetheump.com (compiled from AP / Spotrac / Cot's),
2003,Oakland Athletics,50260834,stevetheump.com (compiled from AP / Spotrac / Cot's),
2003,Philadelphia Phillies,70780000,stevetheump.com (compiled from AP / Spotrac / Cot's),
2003,Pittsburgh Pirates,54812429,stevetheump.com (compiled from AP / Spotrac / Cot's),
2003,San Diego Padres,47928000,stevetheump.com (compiled from AP / Spotrac / Cot's),
2003,San Francisco Giants,82852167,stevetheump.com (compiled from AP / Spotrac / Cot's),
2003,Seattle Mariners,86959167,stevetheump.com (compiled from AP / Spotrac / Cot's),
2003,St. Louis Cardinals,83486666,stevetheump.com (compiled from AP / Spotrac / Cot's),
2003,Tampa Bay Rays,19630000,stevetheump.com (compiled from AP / Spotrac / Cot's),
2003,Texas Rangers,103491667,stevetheump.com (compiled from AP / Spotrac / Cot's),
2003,Toronto Blue Jays,51269000,stevetheump.com (compiled from AP / Spotrac / Cot's),
2003,Washington Nationals,51948500,stevetheump.com (compiled from AP / Spotrac / Cot's),
2004,Arizona Diamondbacks,70204984,stevetheump.com (compiled from AP / Spotrac / Cot's),
2004,Atlanta Braves,88507788,stevetheump.com (compiled from AP / Spotrac / Cot's),
2004,Baltimore Orioles,51212653,stevetheump.com (compiled from AP / Spotrac / Cot's),
2004,Boston Red Sox,125208542,stevetheump.com (compiled from AP / Spotrac / Cot's),
2004,Chicago Cubs,91101667,stevetheump.com (compiled from AP / Spotrac / Cot's),
2004,Chicago White Sox,65212500,stevetheump.com (compiled from AP / Spotrac / Cot's),
2004,Cincinnati Reds,43067858,stevetheump.com (compiled from AP / Spotrac / Cot's),
2004,Cleveland Guardians,34569300,stevetheump.com (compiled from AP / Spotrac / Cot's),
2004,Colorado Rockies,64590403,stevetheump.com (compiled from AP / Spotrac / Cot's),
2004,Detroit Tigers,46353554,stevetheump.com (compiled from AP / Spotrac / Cot's),
2004,Houston Astros,74666303,stevetheump.com (compiled from AP / Spotrac / Cot's),
2004,Kansas City Royals,47609000,stevetheump.com (compiled from AP / Spotrac / Cot's),
2004,Los Angeles Angels,101084667,stevetheump.com (compiled from AP / Spotrac / Cot's),
2004,Los Angeles Dodgers,89694342,stevetheump.com (compiled from AP / Spotrac / Cot's),
2004,Miami Marlins,42118042,stevetheump.com (compiled from AP / Spotrac / Cot's),
2004,Milwaukee Brewers,27518500,stevetheump.com (compiled from AP / Spotrac / Cot's),
2004,Minnesota Twins,53585000,stevetheump.com (compiled from AP / Spotrac / Cot's),
2004,New York Mets,100629303,stevetheump.com (compiled from AP / Spotrac / Cot's),
2004,New York Yankees,182835513,stevetheump.com (compiled from AP / Spotrac / Cot's),
2004,Oakland Athletics,59825167,stevetheump.com (compiled from AP / Spotrac / Cot's),
2004,Philadelphia Phillies,93219167,stevetheump.com (compiled from AP / Spotrac / Cot's),
2004,Pittsburgh Pirates,32227929,stevetheump.com (compiled from AP / Spotrac / Cot's),
2004,San Diego Padres,54639503,stevetheump.com (compiled from AP / Spotrac / Cot's),
2004,San Francisco Giants,82019167,stevetheump.com (compiled from AP / Spotrac / Cot's),
2004,Seattle Mariners,81543833,stevetheump.com (compiled from AP / Spotrac / Cot's),
2004,St. Louis Cardinals,75633517,stevetheump.com (compiled from AP / Spotrac / Cot's),
2004,Tampa Bay Rays,29506667,stevetheump.com (compiled from AP / Spotrac / Cot's),
2004,Texas Rangers,54825973,stevetheump.com (compiled from AP / Spotrac / Cot's),
2004,Toronto Blue Jays,50017000,stevetheump.com (compiled from AP / Spotrac / Cot's),
2004,Washington Nationals,43197500,stevetheump.com (compiled from AP / Spotrac / Cot's),
2005,Arizona Diamondbacks,63015834,stevetheump.com (compiled from AP / Spotrac / Cot's),
2005,Atlanta Braves,85148582,stevetheump.com (compiled from AP / Spotrac / Cot's),
2005,Baltimore Orioles,74570539,stevetheump.com (compiled from AP / Spotrac / Cot's),
2005,Boston Red Sox,121311945,stevetheump.com (compiled from AP / Spotrac / Cot's),
2005,Chicago Cubs,87210933,stevetheump.com (compiled from AP / Spotrac / Cot's),
2005,Chicago White Sox,75228000,stevetheump.com (compiled from AP / Spotrac / Cot's),
2005,Cincinnati Reds,59658275,stevetheump.com (compiled from AP / Spotrac / Cot's),
2005,Cleveland Guardians,41830400,stevetheump.com (compiled from AP / Spotrac / Cot's),
2005,Colorado Rockies,47789000,stevetheump.com (compiled from AP / Spotrac / Cot's),
2005,Detroit Tigers,68998183,stevetheump.com (compiled from AP / Spotrac / Cot's),
2005,Houston Astros,76779022,stevetheump.com (compiled from AP / Spotrac / Cot's),
2005,Kansas City Royals,36881000,stevetheump.com (compiled from AP / Spotrac / Cot's),
2005,Los Angeles Angels,95017822,stevetheump.com (compiled from AP / Spotrac / Cot's),
2005,Los Angeles Dodgers,81029500,stevetheump.com (compiled from AP / Spotrac / Cot's),
2005,Miami Marlins,60375961,stevetheump.com (compiled from AP / Spotrac / Cot's),
2005,Milwaukee Brewers,40234833,stevetheump.com (compiled from AP / Spotrac / Cot's),
2005,Minnesota Twins,56615000,stevetheump.com (compiled from AP / Spotrac / Cot's),
2005,New York Mets,104770139,stevetheump.com (compiled from AP / Spotrac / Cot's),
2005,New York Yankees,205938439,stevetheump.com (compiled from AP / Spotrac / Cot's),
2005,Oakland Athletics,55869262,stevetheump.com (compiled from AP / Spotrac / Cot's),
2005,Philadelphia Phillies,95337908,stevetheump.com (compiled from AP / Spotrac / Cot's),
2005,Pittsburgh Pirates,38138000,stevetheump.com (compiled from AP / Spotrac / Cot's),
2005,San Diego Padres,62888192,stevetheump.com (compiled from AP / Spotrac / Cot's),
2005,San Francisco Giants,89487842,stevetheump.com (compiled from AP / Spotrac / Cot's),
2005,Seattle Mariners,85883333,stevetheump.com (compiled from AP / Spotrac / Cot's),
2005,St. Louis Cardinals,93319842,stevetheump.com (compiled from AP / Spotrac / Cot's),
2005,Tampa Bay Rays,29893567,stevetheump.com (compiled from AP / Spotrac / Cot's),
2005,Texas Rangers,55307258,stevetheump.com (compiled from AP / Spotrac / Cot's),
2005,Toronto Blue Jays,45336500,stevetheump.com (compiled from AP / Spotrac / Cot's),
2005,Washington Nationals,48581500,stevetheump.com (compiled from AP / Spotrac / Cot's),
2006,Arizona Diamondbacks,59684226,stevetheump.com (compiled from AP / Spotrac / Cot's),
2006,Atlanta Braves,90156876,stevetheump.com (compiled from AP / Spotrac / Cot's),
2006,Baltimore Orioles,72585582,stevetheump.com (compiled from AP / Spotrac / Cot's),
2006,Boston Red Sox,120099824,stevetheump.com (compiled from AP / Spotrac / Cot's),
2006,Chicago Cubs,94424499,stevetheump.com (compiled from AP / Spotrac / Cot's),
2006,Chicago White Sox,102750667,stevetheump.com (compiled from AP / Spotrac / Cot's),
2006,Cincinnati Reds,60909519,stevetheump.com (compiled from AP / Spotrac / Cot's),
2006,Cleveland Guardians,56031500,stevetheump.com (compiled from AP / Spotrac / Cot's),
2006,Colorado Rockies,41233000,stevetheump.com (compiled from AP / Spotrac / Cot's),
2006,Detroit Tigers,82612866,stevetheump.com (compiled from AP / Spotrac / Cot's),
2006,Houston Astros,92551503,stevetheump.com (compiled from AP / Spotrac / Cot's),
2006,Kansas City Royals,47294000,stevetheump.com (compiled from AP / Spotrac / Cot's),
2006,Los Angeles Angels,103472000,stevetheump.com (compiled from AP / Spotrac / Cot's),
2006,Los Angeles Dodgers,98447187,stevetheump.com (compiled from AP / Spotrac / Cot's),
2006,Miami Marlins,14998500,stevetheump.com (compiled from AP / Spotrac / Cot's),
2006,Milwaukee Brewers,57568333,stevetheump.com (compiled from AP / Spotrac / Cot's),
2006,Minnesota Twins,63396006,stevetheump.com (compiled from AP / Spotrac / Cot's),
2006,New York Mets,101084963,stevetheump.com (compiled from AP / Spotrac / Cot's),
2006,New York Yankees,194663079,stevetheump.com (compiled from AP / Spotrac / Cot's),
2006,Oakland Athletics,62243079,stevetheump.com (compiled from AP / Spotrac / Cot's),
2006,Philadelphia Phillies,88273333,stevetheump.com (compiled from AP / Spotrac / Cot's),
2006,Pittsburgh Pirates,46717750,stevetheump.com (compiled from AP / Spotrac / Cot's),
2006,San Diego Padres,69896141,stevetheump.com (compiled from AP / Spotrac / Cot's),
2006,San Francisco Giants,90056419,stevetheump.com (compiled from AP / Spotrac / Cot's),
2006,Seattle Mariners,87959833,stevetheump.com (compiled from AP / Spotrac / Cot's),
2006,St. Louis Cardinals,88891371,stevetheump.com (compiled from AP / Spotrac / Cot's),
2006,Tampa Bay Rays,35417967,stevetheump.com (compiled from AP / Spotrac / Cot's),
2006,Texas Rangers,68228662,stevetheump.com (compiled from AP / Spotrac / Cot's),
2006,Toronto Blue Jays,71915000,stevetheump.com (compiled from AP / Spotrac / Cot's),
2006,Washington Nationals,63143000,stevetheump.com (compiled from AP / Spotrac / Cot's),
2007,Arizona Diamondbacks,52067546,stevetheump.com (compiled from AP / Spotrac / Cot's),
2007,Atlanta Braves,87290833,stevetheump.com (compiled from AP / Spotrac / Cot's),
2007,Baltimore Orioles,93554808,stevetheump.com (compiled from AP / Spotrac / Cot's),
2007,Boston Red Sox,143026214,stevetheump.com (compiled from AP / Spotrac / Cot's),
2007,Chicago Cubs,99670332,stevetheump.com (compiled from AP / Spotrac / Cot's),
2007,Chicago White Sox,108671833,stevetheump.com (compiled from AP / Spotrac / Cot's),
2007,Cincinnati Reds,68904980,stevetheump.com (compiled from AP / Spotrac / Cot's),
2007,Cleveland Guardians,61673267,stevetheump.com (compiled from AP / Spotrac / Cot's),
2007,Colorado Rockies,54424000,stevetheump.com (compiled from AP / Spotrac / Cot's),
2007,Detroit Tigers,95180369,stevetheump.com (compiled from AP / Spotrac / Cot's),
2007,Houston Astros,87759000,stevetheump.com (compiled from AP / Spotrac / Cot's),
2007,Kansas City Royals,67116500,stevetheump.com (compiled from AP / Spotrac / Cot's),
2007,Los Angeles Angels,109251333,stevetheump.com (compiled from AP / Spotrac / Cot's),
2007,Los Angeles Dodgers,108454524,stevetheump.com (compiled from AP / Spotrac / Cot's),
2007,Miami Marlins,30507000,stevetheump.com (compiled from AP / Spotrac / Cot's),
2007,Milwaukee Brewers,70986500,stevetheump.com (compiled from AP / Spotrac / Cot's),
2007,Minnesota Twins,71439500,stevetheump.com (compiled from AP / Spotrac / Cot's),
2007,New York Mets,115231663,stevetheump.com (compiled from AP / Spotrac / Cot's),
2007,New York Yankees,189639045,stevetheump.com (compiled from AP / Spotrac / Cot's),
2007,Oakland Athletics,79366940,stevetheump.com (compiled from AP / Spotrac / Cot's),
2007,Philadelphia Phillies,89428213,stevetheump.com (compiled from AP / Spotrac / Cot's),
2007,Pittsburgh Pirates,38537833,stevetheump.com (compiled from AP / Spotrac / Cot's),
2007,San Diego Padres,58110567,stevetheump.com (compiled from AP / Spotrac / Cot's),
2007,San Francisco Giants,90219056,stevetheump.com (compiled from AP / Spotrac / Cot's),
2007,Seattle Mariners,106460833,stevetheump.com (compiled from AP / Spotrac / Cot's),
2007,St. Louis Cardinals,90286823,stevetheump.com (compiled from AP / Spotrac / Cot's),
2007,Tampa Bay Rays,24123500,stevetheump.com (compiled from AP / Spotrac / Cot's),
2007,Texas Rangers,68318675,stevetheump.com (compiled from AP / Spotrac / Cot's),
2007,Toronto Blue Jays,81942800,stevetheump.com (compiled from AP / Spotrac / Cot's),
2007,Washington Nationals,37347500,stevetheump.com (compiled from AP / Spotrac / Cot's),
2008,Arizona Diamondbacks,66202712,stevetheump.com (compiled from AP / Spotrac / Cot's),
2008,Atlanta Braves,102365683,stevetheump.com (compiled from AP / Spotrac / Cot's),
2008,Baltimore Orioles,67196246,stevetheump.com (compiled from AP / Spotrac / Cot's),
2008,Boston Red Sox,133390035,stevetheump.com (compiled from AP / Spotrac / Cot's),
2008,Chicago Cubs,118345833,stevetheump.com (compiled from AP / Spotrac / Cot's),
2008,Chicago White Sox,121189332,stevetheump.com (compiled from AP / Spotrac / Cot's),
2008,Cincinnati Reds,74117695,stevetheump.com (compiled from AP / Spotrac / Cot's),
2008,Cleveland Guardians,78970066,stevetheump.com (compiled from AP / Spotrac / Cot's),
2008,Colorado Rockies,68655500,stevetheump.com (compiled from AP / Spotrac / Cot's),
2008,Detroit Tigers,137685196,stevetheump.com (compiled from AP / Spotrac / Cot's),
2008,Houston Astros,88930414,stevetheump.com (compiled from AP / Spotrac / Cot's),
2008,Kansas City Royals,58245500,stevetheump.com (compiled from AP / Spotrac / Cot's),
2008,Los Angeles Angels,119216333,stevetheump.com (compiled from AP / Spotrac / Cot's),
2008,Los Angeles Dodgers,118588536,stevetheump.com (compiled from AP / Spotrac / Cot's),
2008,Miami Marlins,21811500,stevetheump.com (compiled from AP / Spotrac / Cot's),
2008,Milwaukee Brewers,80937499,stevetheump.com (compiled from AP / Spotrac / Cot's),
2008,Minnesota Twins,56932766,stevetheump.com (compiled from AP / Spotrac / Cot's),
2008,New York Mets,137793376,stevetheump.com (compiled from AP / Spotrac / Cot's),
2008,New York Yankees,209081577,stevetheump.com (compiled from AP / Spotrac / Cot's),
2008,Oakland Athletics,47967126,stevetheump.com (compiled from AP / Spotrac / Cot's),
2008,Philadelphia Phillies,98269880,stevetheump.com (compiled from AP / Spotrac / Cot's),
2008,Pittsburgh Pirates,48689783,stevetheump.com (compiled from AP / Spotrac / Cot's),
2008,San Diego Padres,73677616,stevetheump.com (compiled from AP / Spotrac / Cot's),
2008,San Francisco Giants,76594500,stevetheump.com (compiled from AP / Spotrac / Cot's),
2008,Seattle Mariners,117666482,stevetheump.com (compiled from AP / Spotrac / Cot's),
2008,St. Louis Cardinals,99624449,stevetheump.com (compiled from AP / Spotrac / Cot's),
2008,Tampa Bay Rays,43820597,stevetheump.com (compiled from AP / Spotrac / Cot's),
2008,Texas Rangers,67712326,stevetheump.com (compiled from AP / Spotrac / Cot's),
2008,Toronto Blue Jays,97793900,stevetheump.com (compiled from AP / Spotrac / Cot's),
2008,Washington Nationals,54961000,stevetheump.com (compiled from AP / Spotrac / Cot's),
2009,Arizona Diamondbacks,73571667,stevetheump.com (compiled from AP / Spotrac / Cot's),
2009,Atlanta Braves,96726167,stevetheump.com (compiled from AP / Spotrac / Cot's),
2009,Baltimore Orioles,67101667,stevetheump.com (compiled from AP / Spotrac / Cot's),
2009,Boston Red Sox,122696000,stevetheump.com (compiled from AP / Spotrac / Cot's),
2009,Chicago Cubs,135050000,stevetheump.com (compiled from AP / Spotrac / Cot's),
2009,Chicago White Sox,96068500,stevetheump.com (compiled from AP / Spotrac / Cot's),
2009,Cincinnati Reds,70968500,stevetheump.com (compiled from AP / Spotrac / Cot's),
2009,Cleveland Guardians,81625567,stevetheump.com (compiled from AP / Spotrac / Cot's),
2009,Colorado Rockies,75201000,stevetheump.com (compiled from AP / Spotrac / Cot's),
2009,Detroit Tigers,115085145,stevetheump.com (compiled from AP / Spotrac / Cot's),
2009,Houston Astros,102996415,stevetheump.com (compiled from AP / Spotrac / Cot's),
2009,Kansas City Royals,70908333,stevetheump.com (compiled from AP / Spotrac / Cot's),
2009,Los Angeles Angels,113709000,stevetheump.com (compiled from AP / Spotrac / Cot's),
2009,Los Angeles Dodgers,100458101,stevetheump.com (compiled from AP / Spotrac / Cot's),
2009,Miami Marlins,36814000,stevetheump.com (compiled from AP / Spotrac / Cot's),
2009,Milwaukee Brewers,80257502,stevetheump.com (compiled from AP / Spotrac / Cot's),
2009,Minnesota Twins,65299267,stevetheump.com (compiled from AP / Spotrac / Cot's),
2009,New York Mets,135773988,stevetheump.com (compiled from AP / Spotrac / Cot's),
2009,New York Yankees,201449289,stevetheump.com (compiled from AP / Spotrac / Cot's),
2009,Oakland Athletics,62310000,stevetheump.com (compiled from AP / Spotrac / Cot's),
2009,Philadelphia Phillies,113004048,stevetheump.com (compiled from AP / Spotrac / Cot's),
2009,Pittsburgh Pirates,48743000,stevetheump.com (compiled from AP / Spotrac / Cot's),
2009,San Diego Padres,42796700,stevetheump.com (compiled from AP / Spotrac / Cot's),
2009,San Francisco Giants,82161450,stevetheump.com (compiled from AP / Spotrac / Cot's),
2009,Seattle Mariners,98904167,stevetheump.com (compiled from AP / Spotrac / Cot's),
2009,St. Louis Cardinals,88528411,stevetheump.com (compiled from AP / Spotrac / Cot's),
2009,Tampa Bay Rays,63313035,stevetheump.com (compiled from AP / Spotrac / Cot's),
2009,Texas Rangers,68646023,stevetheump.com (compiled from AP / Spotrac / Cot's),
2009,Toronto Blue Jays,80993657,stevetheump.com (compiled from AP / Spotrac / Cot's),
2009,Washington Nationals,59328000,stevetheump.com (compiled from AP / Spotrac / Cot's),
2010,Arizona Diamondbacks,60718167,stevetheump.com (compiled from AP / Spotrac / Cot's),
2010,Atlanta Braves,84423667,stevetheump.com (compiled from AP / Spotrac / Cot's),
2010,Baltimore Orioles,81612500,stevetheump.com (compiled from AP / Spotrac / Cot's),
2010,Boston Red Sox,162747333,stevetheump.com (compiled from AP / Spotrac / Cot's),
2010,Chicago Cubs,146859000,stevetheump.com (compiled from AP / Spotrac / Cot's),
2010,Chicago White Sox,108273197,stevetheump.com (compiled from AP / Spotrac / Cot's),
2010,Cincinnati Reds,72386544,stevetheump.com (compiled from AP / Spotrac / Cot's),
2010,Cleveland Guardians,61203967,stevetheump.com (compiled from AP / Spotrac / Cot's),
2010,Colorado Rockies,84227000,stevetheump.com (compiled from AP / Spotrac / Cot's),
2010,Detroit Tigers,122864929,stevetheump.com (compiled from AP / Spotrac / Cot's),
2010,Houston Astros,92355500,stevetheump.com (compiled from AP / Spotrac / Cot's),
2010,Kansas City Royals,72267710,stevetheump.com (compiled from AP / Spotrac / Cot's),
2010,Los Angeles Angels,105013667,stevetheump.com (compiled from AP / Spotrac / Cot's),
2010,Los Angeles Dodgers,94945517,stevetheump.com (compiled from AP / Spotrac / Cot's),
2010,Miami Marlins,55641500,stevetheump.com (compiled from AP / Spotrac / Cot's),
2010,Milwaukee Brewers,81108279,stevetheump.com (compiled from AP / Spotrac / Cot's),
2010,Minnesota Twins,97559167,stevetheump.com (compiled from AP / Spotrac / Cot's),
2010,New York Mets,132701445,stevetheump.com (compiled from AP / Spotrac / Cot's),
2010,New York Yankees,206333389,stevetheump.com (compiled from AP / Spotrac / Cot's),
2010,Oakland Athletics,51654900,stevetheump.com (compiled from AP / Spotrac / Cot's),
2010,Philadelphia Phillies,141927381,stevetheump.com (compiled from AP / Spotrac / Cot's),
2010,Pittsburgh Pirates,34943000,stevetheump.com (compiled from AP / Spotrac / Cot's),
2010,San Diego Padres,37799300,stevetheump.com (compiled from AP / Spotrac / Cot's),
2010,San Francisco Giants,97828833,stevetheump.com (compiled from AP / Spotrac / Cot's),
2010,Seattle Mariners,98376667,stevetheump.com (compiled from AP / Spotrac / Cot's),
2010,St. Louis Cardinals,93540753,stevetheump.com (compiled from AP / Spotrac / Cot's),
2010,Tampa Bay Rays,71923471,stevetheump.com (compiled from AP / Spotrac / Cot's),
2010,Texas Rangers,55250545,stevetheump.com (compiled from AP / Spotrac / Cot's),
2010,Toronto Blue Jays,62689357,stevetheump.com (compiled from AP / Spotrac / Cot's),
2010,Washington Nationals,61425000,stevetheump.com (compiled from AP / Spotrac / Cot's),
2011,Arizona Diamondbacks,53639833,stevetheump.com (compiled from AP / Spotrac / Cot's),
2011,Atlanta Braves,87003192,stevetheump.com (compiled from AP / Spotrac / Cot's),
2011,Baltimore Orioles,85304038,stevetheump.com (compiled from AP / Spotrac / Cot's),
2011,Boston Red Sox,161407476,stevetheump.com (compiled from AP / Spotrac / Cot's),
2011,Chicago Cubs,125480664,stevetheump.com (compiled from AP / Spotrac / Cot's),
2011,Chicago White Sox,129285539,stevetheump.com (compiled from AP / Spotrac / Cot's),
2011,Cincinnati Reds,76181365,stevetheump.com (compiled from AP / Spotrac / Cot's),
2011,Cleveland Guardians,49188867,stevetheump.com (compiled from AP / Spotrac / Cot's),
2011,Colorado Rockies,87998071,stevetheump.com (compiled from AP / Spotrac / Cot's),
2011,Detroit Tigers,105705232,stevetheump.com (compiled from AP / Spotrac / Cot's),
2011,Houston Astros,70694000,stevetheump.com (compiled from AP / Spotrac / Cot's),
2011,Kansas City Royals,36126400,stevetheump.com (compiled from AP / Spotrac / Cot's),
2011,Los Angeles Angels,138998524,stevetheump.com (compiled from AP / Spotrac / Cot's),
2011,Los Angeles Dodgers,103788990,stevetheump.com (compiled from AP / Spotrac / Cot's),
2011,Miami Marlins,56944000,stevetheump.com (compiled from AP / Spotrac / Cot's),
2011,Milwaukee Brewers,85497333,stevetheump.com (compiled from AP / Spotrac / Cot's),
2011,Minnesota Twins,112737000,stevetheump.com (compiled from AP / Spotrac / Cot's),
2011,New York Mets,120147310,stevetheump.com (compiled from AP / Spotrac / Cot's),
2011,New York Yankees,201689030,stevetheump.com (compiled from AP / Spotrac / Cot's),
2011,Oakland Athletics,66536500,stevetheump.com (compiled from AP / Spotrac / Cot's),
2011,Philadelphia Phillies,172976381,stevetheump.com (compiled from AP / Spotrac / Cot's),
2011,Pittsburgh Pirates,46047000,stevetheump.com (compiled from AP / Spotrac / Cot's),
2011,San Diego Padres,45869140,stevetheump.com (compiled from AP / Spotrac / Cot's),
2011,San Francisco Giants,118216333,stevetheump.com (compiled from AP / Spotrac / Cot's),
2011,Seattle Mariners,86424600,stevetheump.com (compiled from AP / Spotrac / Cot's),
2011,St. Louis Cardinals,105433572,stevetheump.com (compiled from AP / Spotrac / Cot's),
2011,Tampa Bay Rays,41932171,stevetheump.com (compiled from AP / Spotrac / Cot's),
2011,Texas Rangers,92299265,stevetheump.com (compiled from AP / Spotrac / Cot's),
2011,Toronto Blue Jays,62517800,stevetheump.com (compiled from AP / Spotrac / Cot's),
2011,Washington Nationals,63681929,stevetheump.com (compiled from AP / Spotrac / Cot's),
2012,Arizona Diamondbacks,74284833,stevetheump.com (compiled from AP / Spotrac / Cot's),
2012,Atlanta Braves,83309942,stevetheump.com (compiled from AP / Spotrac / Cot's),
2012,Baltimore Orioles,81428999,stevetheump.com (compiled from AP / Spotrac / Cot's),
2012,Boston Red Sox,173186617,stevetheump.com (compiled from AP / Spotrac / Cot's),
2012,Chicago Cubs,88197033,stevetheump.com (compiled from AP / Spotrac / Cot's),
2012,Chicago White Sox,96919500,stevetheump.com (compiled from AP / Spotrac / Cot's),
2012,Cincinnati Reds,82203616,stevetheump.com (compiled from AP / Spotrac / Cot's),
2012,Cleveland Guardians,78430300,stevetheump.com (compiled from AP / Spotrac / Cot's),
2012,Colorado Rockies,78069571,stevetheump.com (compiled from AP / Spotrac / Cot's),
2012,Detroit Tigers,132300000,stevetheump.com (compiled from AP / Spotrac / Cot's),
2012,Houston Astros,60651000,stevetheump.com (compiled from AP / Spotrac / Cot's),
2012,Kansas City Royals,60916225,stevetheump.com (compiled from AP / Spotrac / Cot's),
2012,Los Angeles Angels,154485166,stevetheump.com (compiled from AP / Spotrac / Cot's),
2012,Los Angeles Dodgers,95143575,stevetheump.com (compiled from AP / Spotrac / Cot's),
2012,Miami Marlins,118078000,stevetheump.com (compiled from AP / Spotrac / Cot's),
2012,Milwaukee Brewers,97653944,stevetheump.com (compiled from AP / Spotrac / Cot's),
2012,Minnesota Twins,94085000,stevetheump.com (compiled from AP / Spotrac / Cot's),
2012,New York Mets,93353983,stevetheump.com (compiled from AP / Spotrac / Cot's),
2012,New York Yankees,197962289,stevetheump.com (compiled from AP / Spotrac / Cot's),
2012,Oakland Athletics,55372500,stevetheump.com (compiled from AP / Spotrac / Cot's),
2012,Philadelphia Phillies,174538938,stevetheump.com (compiled from AP / Spotrac / Cot's),
2012,Pittsburgh Pirates,63431999,stevetheump.com (compiled from AP / Spotrac / Cot's),
2012,San Diego Padres,55244700,stevetheump.com (compiled from AP / Spotrac / Cot's),
2012,San Francisco Giants,117620683,stevetheump.com (compiled from AP / Spotrac / Cot's),
2012,Seattle Mariners,81978100,stevetheump.com (compiled from AP / Spotrac / Cot's),
2012,St. Louis Cardinals,110300862,stevetheump.com (compiled from AP / Spotrac / Cot's),
2012,Tampa Bay Rays,64173500,stevetheump.com (compiled from AP / Spotrac / Cot's),
2012,Texas Rangers,120510974,stevetheump.com (compiled from AP / Spotrac / Cot's),
2012,Toronto Blue Jays,75489200,stevetheump.com (compiled from AP / Spotrac / Cot's),
2012,Washington Nationals,81336143,stevetheump.com (compiled from AP / Spotrac / Cot's),
2013,Arizona Diamondbacks,89100500,stevetheump.com (compiled from AP / Spotrac / Cot's),
2013,Atlanta Braves,89778192,stevetheump.com (compiled from AP / Spotrac / Cot's),
2013,Baltimore Orioles,90993333,stevetheump.com (compiled from AP / Spotrac / Cot's),
2013,Boston Red Sox,150655500,stevetheump.com (compiled from AP / Spotrac / Cot's),
2013,Chicago Cubs,104304676,stevetheump.com (compiled from AP / Spotrac / Cot's),
2013,Chicago White Sox,119073277,stevetheump.com (compiled from AP / Spotrac / Cot's),
2013,Cincinnati Reds,107491305,stevetheump.com (compiled from AP / Spotrac / Cot's),
2013,Cleveland Guardians,77772800,stevetheump.com (compiled from AP / Spotrac / Cot's),
2013,Colorado Rockies,71924071,stevetheump.com (compiled from AP / Spotrac / Cot's),
2013,Detroit Tigers,148414500,stevetheump.com (compiled from AP / Spotrac / Cot's),
2013,Houston Astros,22062600,stevetheump.com (compiled from AP / Spotrac / Cot's),
2013,Kansas City Royals,81491725,stevetheump.com (compiled from AP / Spotrac / Cot's),
2013,Los Angeles Angels,127896250,stevetheump.com (compiled from AP / Spotrac / Cot's),
2013,Los Angeles Dodgers,216597577,stevetheump.com (compiled from AP / Spotrac / Cot's),
2013,Miami Marlins,36341900,stevetheump.com (compiled from AP / Spotrac / Cot's),
2013,Milwaukee Brewers,82976944,stevetheump.com (compiled from AP / Spotrac / Cot's),
2013,Minnesota Twins,75802500,stevetheump.com (compiled from AP / Spotrac / Cot's),
2013,New York Mets,73396649,stevetheump.com (compiled from AP / Spotrac / Cot's),
2013,New York Yankees,228835490,stevetheump.com (compiled from AP / Spotrac / Cot's),
2013,Oakland Athletics,60664500,stevetheump.com (compiled from AP / Spotrac / Cot's),
2013,Philadelphia Phillies,165385714,stevetheump.com (compiled from AP / Spotrac / Cot's),
2013,Pittsburgh Pirates,79555000,stevetheump.com (compiled from AP / Spotrac / Cot's),
2013,San Diego Padres,67143600,stevetheump.com (compiled from AP / Spotrac / Cot's),
2013,San Francisco Giants,140264334,stevetheump.com (compiled from AP / Spotrac / Cot's),
2013,Seattle Mariners,72031143,stevetheump.com (compiled from AP / Spotrac / Cot's),
2013,St. Louis Cardinals,115222086,stevetheump.com (compiled from AP / Spotrac / Cot's),
2013,Tampa Bay Rays,57895272,stevetheump.com (compiled from AP / Spotrac / Cot's),
2013,Texas Rangers,114090100,stevetheump.com (compiled from AP / Spotrac / Cot's),
2013,Toronto Blue Jays,117527800,stevetheump.com (compiled from AP / Spotrac / Cot's),
2013,Washington Nationals,114056769,stevetheump.com (compiled from AP / Spotrac / Cot's),
2014,Arizona Diamondbacks,112688666,stevetheump.com (compiled from AP / Spotrac / Cot's),
2014,Atlanta Braves,110897341,stevetheump.com (compiled from AP / Spotrac / Cot's),
2014,Baltimore Orioles,107406623,stevetheump.com (compiled from AP / Spotrac / Cot's),
2014,Boston Red Sox,162817411,stevetheump.com (compiled from AP / Spotrac / Cot's),
2014,Chicago Cubs,89007857,stevetheump.com (compiled from AP / Spotrac / Cot's),
2014,Chicago White Sox,91159254,stevetheump.com (compiled from AP / Spotrac / Cot's),
2014,Cincinnati Reds,112390772,stevetheump.com (compiled from AP / Spotrac / Cot's),
2014,Cleveland Guardians,82534800,stevetheump.com (compiled from AP / Spotrac / Cot's),
2014,Colorado Rockies,95832071,stevetheump.com (compiled from AP / Spotrac / Cot's),
2014,Detroit Tigers,162228527,stevetheump.com (compiled from AP / Spotrac / Cot's),
2014,Houston Astros,44544174,stevetheump.com (compiled from AP / Spotrac / Cot's),
2014,Kansas City Royals,92034345,stevetheump.com (compiled from AP / Spotrac / Cot's),
2014,Los Angeles Angels,155692000,stevetheump.com (compiled from AP / Spotrac / Cot's),
2014,Los Angeles Dodgers,235295219,stevetheump.com (compiled from AP / Spotrac / Cot's),
2014,Miami Marlins,47565400,stevetheump.com (compiled from AP / Spotrac / Cot's),
2014,Milwaukee Brewers,103844806,stevetheump.com (compiled from AP / Spotrac / Cot's),
2014,Minnesota Twins,85776500,stevetheump.com (compiled from AP / Spotrac / Cot's),
2014,New York Mets,89051758,stevetheump.com (compiled from AP / Spotrac / Cot's),
2014,New York Yankees,203812506,stevetheump.com (compiled from AP / Spotrac / Cot's),
2014,Oakland Athletics,83401400,stevetheump.com (compiled from AP / Spotrac / Cot's),
2014,Philadelphia Phillies,180052723,stevetheump.com (compiled from AP / Spotrac / Cot's),
2014,Pittsburgh Pirates,78111667,stevetheump.com (compiled from AP / Spotrac / Cot's),
2014,San Diego Padres,90094196,stevetheump.com (compiled from AP / Spotrac / Cot's),
2014,San Francisco Giants,154185878,stevetheump.com (compiled from AP / Spotrac / Cot's),
2014,Seattle Mariners,92081943,stevetheump.com (compiled from AP / Spotrac / Cot's),
2014,St. Louis Cardinals,111020360,stevetheump.com (compiled from AP / Spotrac / Cot's),
2014,Tampa Bay Rays,77062891,stevetheump.com (compiled from AP / Spotrac / Cot's),
2014,Texas Rangers,136036172,stevetheump.com (compiled from AP / Spotrac / Cot's),
2014,Toronto Blue Jays,132628700,stevetheump.com (compiled from AP / Spotrac / Cot's),
2014,Washington Nationals,134704437,stevetheump.com (compiled from AP / Spotrac / Cot's),
2015,Arizona Diamondbacks,91518833,stevetheump.com (compiled from AP / Spotrac / Cot's),
2015,Atlanta Braves,97578565,stevetheump.com (compiled from AP / Spotrac / Cot's),
2015,Baltimore Orioles,110146097,stevetheump.com (compiled from AP / Spotrac / Cot's),
2015,Boston Red Sox,187407202,stevetheump.com (compiled from AP / Spotrac / Cot's),
2015,Chicago Cubs,119006885,stevetheump.com (compiled from AP / Spotrac / Cot's),
2015,Chicago White Sox,115238678,stevetheump.com (compiled from AP / Spotrac / Cot's),
2015,Cincinnati Reds,117197072,stevetheump.com (compiled from AP / Spotrac / Cot's),
2015,Cleveland Guardians,86091175,stevetheump.com (compiled from AP / Spotrac / Cot's),
2015,Colorado Rockies,102006130,stevetheump.com (compiled from AP / Spotrac / Cot's),
2015,Detroit Tigers,173813750,stevetheump.com (compiled from AP / Spotrac / Cot's),
2015,Houston Astros,70910100,stevetheump.com (compiled from AP / Spotrac / Cot's),
2015,Kansas City Royals,113618650,stevetheump.com (compiled from AP / Spotrac / Cot's),
2015,Los Angeles Angels,150933083,stevetheump.com (compiled from AP / Spotrac / Cot's),
2015,Los Angeles Dodgers,272789040,stevetheump.com (compiled from AP / Spotrac / Cot's),
2015,Miami Marlins,68479000,stevetheump.com (compiled from AP / Spotrac / Cot's),
2015,Milwaukee Brewers,105002536,stevetheump.com (compiled from AP / Spotrac / Cot's),
2015,Minnesota Twins,108945000,stevetheump.com (compiled from AP / Spotrac / Cot's),
2015,New York Mets,101409244,stevetheump.com (compiled from AP / Spotrac / Cot's),
2015,New York Yankees,219282196,stevetheump.com (compiled from AP / Spotrac / Cot's),
2015,Oakland Athletics,86086667,stevetheump.com (compiled from AP / Spotrac / Cot's),
2015,Philadelphia Phillies,135827500,stevetheump.com (compiled from AP / Spotrac / Cot's),
2015,Pittsburgh Pirates,88278500,stevetheump.com (compiled from AP / Spotrac / Cot's),
2015,San Diego Padres,100675896,stevetheump.com (compiled from AP / Spotrac / Cot's),
2015,San Francisco Giants,172672111,stevetheump.com (compiled from AP / Spotrac / Cot's),
2015,Seattle Mariners,119798060,stevetheump.com (compiled from AP / Spotrac / Cot's),
2015,St. Louis Cardinals,120869458,stevetheump.com (compiled from AP / Spotrac / Cot's),
2015,Tampa Bay Rays,76061707,stevetheump.com (compiled from AP / Spotrac / Cot's),
2015,Texas Rangers,142140873,stevetheump.com (compiled from AP / Spotrac / Cot's),
2015,Toronto Blue Jays,122506600,stevetheump.com (compiled from AP / Spotrac / Cot's),
2015,Washington Nationals,164920505,stevetheump.com (compiled from AP / Spotrac / Cot's),
2016,Arizona Diamondbacks,70762833,stevetheump.com (compiled from AP / Spotrac / Cot's),
2016,Atlanta Braves,87622648,stevetheump.com (compiled from AP / Spotrac / Cot's),
2016,Baltimore Orioles,115587632,stevetheump.com (compiled from AP / Spotrac / Cot's),
2016,Boston Red Sox,182161414,stevetheump.com (compiled from AP / Spotrac / Cot's),
2016,Chicago Cubs,116654522,stevetheump.com (compiled from AP / Spotrac / Cot's),
2016,Chicago White Sox,98712867,stevetheump.com (compiled from AP / Spotrac / Cot's),
2016,Cincinnati Reds,116732284,stevetheump.com (compiled from AP / Spotrac / Cot's),
2016,Cleveland Guardians,86339067,stevetheump.com (compiled from AP / Spotrac / Cot's),
2016,Colorado Rockies,98261171,stevetheump.com (compiled from AP / Spotrac / Cot's),
2016,Detroit Tigers,172282250,stevetheump.com (compiled from AP / Spotrac / Cot's),
2016,Houston Astros,69064200,stevetheump.com (compiled from AP / Spotrac / Cot's),
2016,Kansas City Royals,112914525,stevetheump.com (compiled from AP / Spotrac / Cot's),
2016,Los Angeles Angels,146449583,stevetheump.com (compiled from AP / Spotrac / Cot's),
2016,Los Angeles Dodgers,223352402,stevetheump.com (compiled from AP / Spotrac / Cot's),
2016,Miami Marlins,84637500,stevetheump.com (compiled from AP / Spotrac / Cot's),
2016,Milwaukee Brewers,98683035,stevetheump.com (compiled from AP / Spotrac / Cot's),
2016,Minnesota Twins,108262000,stevetheump.com (compiled from AP / Spotrac / Cot's),
2016,New York Mets,99626453,stevetheump.com (compiled from AP / Spotrac / Cot's),
2016,New York Yankees,213472857,stevetheump.com (compiled from AP / Spotrac / Cot's),
2016,Oakland Athletics,80279166,stevetheump.com (compiled from AP / Spotrac / Cot's),
2016,Philadelphia Phillies,133048000,stevetheump.com (compiled from AP / Spotrac / Cot's),
2016,Pittsburgh Pirates,85885832,stevetheump.com (compiled from AP / Spotrac / Cot's),
2016,San Diego Padres,112895700,stevetheump.com (compiled from AP / Spotrac / Cot's),
2016,San Francisco Giants,166495942,stevetheump.com (compiled from AP / Spotrac / Cot's),
2016,Seattle Mariners,122706842,stevetheump.com (compiled from AP / Spotrac / Cot's),
2016,St. Louis Cardinals,120301957,stevetheump.com (compiled from AP / Spotrac / Cot's),
2016,Tampa Bay Rays,73649584,stevetheump.com (compiled from AP / Spotrac / Cot's),
2016,Texas Rangers,144307373,stevetheump.com (compiled from AP / Spotrac / Cot's),
2016,Toronto Blue Jays,126369628,stevetheump.com (compiled from AP / Spotrac / Cot's),
2016,Washington Nationals,166010977,stevetheump.com (compiled from AP / Spotrac / Cot's),
2017,Arizona Diamondbacks,93257600,stevetheump.com (compiled from AP / Spotrac / Cot's),
2017,Atlanta Braves,112437541,stevetheump.com (compiled from AP / Spotrac / Cot's),
2017,Baltimore Orioles,163676616,stevetheump.com (compiled from AP / Spotrac / Cot's),
2017,Boston Red Sox,199805178,stevetheump.com (compiled from AP / Spotrac / Cot's),
2017,Chicago Cubs,172189880,stevetheump.com (compiled from AP / Spotrac / Cot's),
2017,Chicago White Sox,99119770,stevetheump.com (compiled from AP / Spotrac / Cot's),
2017,Cincinnati Reds,93768785,stevetheump.com (compiled from AP / Spotrac / Cot's),
2017,Cleveland Guardians,124861165,stevetheump.com (compiled from AP / Spotrac / Cot's),
2017,Colorado Rockies,130963571,stevetheump.com (compiled from AP / Spotrac / Cot's),
2017,Detroit Tigers,199750600,stevetheump.com (compiled from AP / Spotrac / Cot's),
2017,Houston Astros,124343900,stevetheump.com (compiled from AP / Spotrac / Cot's),
2017,Kansas City Royals,140925250,stevetheump.com (compiled from AP / Spotrac / Cot's),
2017,Los Angeles Angels,160375333,stevetheump.com (compiled from AP / Spotrac / Cot's),
2017,Los Angeles Dodgers,242065828,stevetheump.com (compiled from AP / Spotrac / Cot's),
2017,Miami Marlins,111881100,stevetheump.com (compiled from AP / Spotrac / Cot's),
2017,Milwaukee Brewers,63061300,stevetheump.com (compiled from AP / Spotrac / Cot's),
2017,Minnesota Twins,108077500,stevetheump.com (compiled from AP / Spotrac / Cot's),
2017,New York Mets,155187460,stevetheump.com (compiled from AP / Spotrac / Cot's),
2017,New York Yankees,201539699,stevetheump.com (compiled from AP / Spotrac / Cot's),
2017,Oakland Athletics,81738333,stevetheump.com (compiled from AP / Spotrac / Cot's),
2017,Philadelphia Phillies,111378000,stevetheump.com (compiled from AP / Spotrac / Cot's),
2017,Pittsburgh Pirates,100575946,stevetheump.com (compiled from AP / Spotrac / Cot's),
2017,San Diego Padres,71624400,stevetheump.com (compiled from AP / Spotrac / Cot's),
2017,San Francisco Giants,172354611,stevetheump.com (compiled from AP / Spotrac / Cot's),
2017,Seattle Mariners,154800918,stevetheump.com (compiled from AP / Spotrac / Cot's),
2017,St. Louis Cardinals,152452933,stevetheump.com (compiled from AP / Spotrac / Cot's),
2017,Tampa Bay Rays,69962532,stevetheump.com (compiled from AP / Spotrac / Cot's),
2017,Texas Rangers,175909063,stevetheump.com (compiled from AP / Spotrac / Cot's),
2017,Toronto Blue Jays,177795368,stevetheump.com (compiled from AP / Spotrac / Cot's),
2017,Washington Nationals,167846918,stevetheump.com (compiled from AP / Spotrac / Cot's),
2018,Arizona Diamondbacks,132500000,stevetheump.com (compiled from AP / Spotrac / Cot's),
2018,Atlanta Braves,120540000,stevetheump.com (compiled from AP / Spotrac / Cot's),
2018,Baltimore Orioles,143090000,stevetheump.com (compiled from AP / Spotrac / Cot's),
2018,Boston Red Sox,235650000,stevetheump.com (compiled from AP / Spotrac / Cot's),
2018,Chicago Cubs,183460000,stevetheump.com (compiled from AP / Spotrac / Cot's),
2018,Chicago White Sox,72180000,stevetheump.com (compiled from AP / Spotrac / Cot's),
2018,Cincinnati Reds,101190000,stevetheump.com (compiled from AP / Spotrac / Cot's),
2018,Cleveland Guardians,134350000,stevetheump.com (compiled from AP / Spotrac / Cot's),
2018,Colorado Rockies,141340000,stevetheump.com (compiled from AP / Spotrac / Cot's),
2018,Detroit Tigers,129920000,stevetheump.com (compiled from AP / Spotrac / Cot's),
2018,Houston Astros,160040000,stevetheump.com (compiled from AP / Spotrac / Cot's),
2018,Kansas City Royals,129920000,stevetheump.com (compiled from AP / Spotrac / Cot's),
2018,Los Angeles Angels,175100000,stevetheump.com (compiled from AP / Spotrac / Cot's),
2018,Los Angeles Dodgers,186140000,stevetheump.com (compiled from AP / Spotrac / Cot's),
2018,Miami Marlins,98640000,stevetheump.com (compiled from AP / Spotrac / Cot's),
2018,Milwaukee Brewers,90240000,stevetheump.com (compiled from AP / Spotrac / Cot's),
2018,Minnesota Twins,131910000,stevetheump.com (compiled from AP / Spotrac / Cot's),
2018,New York Mets,154610000,stevetheump.com (compiled from AP / Spotrac / Cot's),
2018,New York Yankees,168540000,stevetheump.com (compiled from AP / Spotrac / Cot's),
2018,Oakland Athletics,68530000,stevetheump.com (compiled from AP / Spotrac / Cot's),
2018,Philadelphia Phillies,96850000,stevetheump.com (compiled from AP / Spotrac / Cot's),
2018,Pittsburgh Pirates,87880000,stevetheump.com (compiled from AP / Spotrac / Cot's),
2018,San Diego Padres,96130000,stevetheump.com (compiled from AP / Spotrac / Cot's),
2018,San Francisco Giants,208510000,stevetheump.com (compiled from AP / Spotrac / Cot's),
2018,Seattle Mariners,162480000,stevetheump.com (compiled from AP / Spotrac / Cot's),
2018,St. Louis Cardinals,161010000,stevetheump.com (compiled from AP / Spotrac / Cot's),
2018,Tampa Bay Rays,78730000,stevetheump.com (compiled from AP / Spotrac / Cot's),
2018,Texas Rangers,144000000,stevetheump.com (compiled from AP / Spotrac / Cot's),
2018,Toronto Blue Jays,162316000,stevetheump.com (compiled from AP / Spotrac / Cot's),
2018,Washington Nationals,181590000,stevetheump.com (compiled from AP / Spotrac / Cot's),
2019,Arizona Diamondbacks,107901831,stevetheump.com (compiled from AP / Spotrac / Cot's),
2019,Atlanta Braves,113376043,stevetheump.com (compiled from AP / Spotrac / Cot's),
2019,Baltimore Orioles,72682882,stevetheump.com (compiled from AP / Spotrac / Cot's),
2019,Boston Red Sox,202921500,stevetheump.com (compiled from AP / Spotrac / Cot's),
2019,Chicago Cubs,205556714,stevetheump.com (compiled from AP / Spotrac / Cot's),
2019,Chicago White Sox,88312121,stevetheump.com (compiled from AP / Spotrac / Cot's),
2019,Cincinnati Reds,126423214,stevetheump.com (compiled from AP / Spotrac / Cot's),
2019,Cleveland Guardians,118991701,stevetheump.com (compiled from AP / Spotrac / Cot's),
2019,Colorado Rockies,145932999,stevetheump.com (compiled from AP / Spotrac / Cot's),
2019,Detroit Tigers,101923400,stevetheump.com (compiled from AP / Spotrac / Cot's),
2019,Houston Astros,159719666,stevetheump.com (compiled from AP / Spotrac / Cot's),
2019,Kansas City Royals,96547237,stevetheump.com (compiled from AP / Spotrac / Cot's),
2019,Los Angeles Angels,158878583,stevetheump.com (compiled from AP / Spotrac / Cot's),
2019,Los Angeles Dodgers,152119998,stevetheump.com (compiled from AP / Spotrac / Cot's),
2019,Miami Marlins,71239714,stevetheump.com (compiled from AP / Spotrac / Cot's),
2019,Milwaukee Brewers,121530400,stevetheump.com (compiled from AP / Spotrac / Cot's),
2019,Minnesota Twins,113326933,stevetheump.com (compiled from AP / Spotrac / Cot's),
2019,New York Mets,142149270,stevetheump.com (compiled from AP / Spotrac / Cot's),
2019,New York Yankees,206084848,stevetheump.com (compiled from AP / Spotrac / Cot's),
2019,Oakland Athletics,91318333,stevetheump.com (compiled from AP / Spotrac / Cot's),
2019,Philadelphia Phillies,140711962,stevetheump.com (compiled from AP / Spotrac / Cot's),
2019,Pittsburgh Pirates,74808002,stevetheump.com (compiled from AP / Spotrac / Cot's),
2019,San Diego Padres,74033835,stevetheump.com (compiled from AP / Spotrac / Cot's),
2019,San Francisco Giants,178271237,stevetheump.com (compiled from AP / Spotrac / Cot's),
2019,Seattle Mariners,138864075,stevetheump.com (compiled from AP / Spotrac / Cot's),
2019,St. Louis Cardinals,158370266,stevetheump.com (compiled from AP / Spotrac / Cot's),
2019,Tampa Bay Rays,53444931,stevetheump.com (compiled from AP / Spotrac / Cot's),
2019,Texas Rangers,106017564,stevetheump.com (compiled from AP / Spotrac / Cot's),
2019,Toronto Blue Jays,63171171,stevetheump.com (compiled from AP / Spotrac / Cot's),
2019,Washington Nationals,161715381,stevetheump.com (compiled from AP / Spotrac / Cot's),
2020,Arizona Diamondbacks,86471066,thebaseballcube.com (pre-pandemic Opening Day commitments),pre-pandemic full-year commitment
2020,Atlanta Braves,149466875,thebaseballcube.com (pre-pandemic Opening Day commitments),pre-pandemic full-year commitment
2020,Baltimore Orioles,52415682,thebaseballcube.com (pre-pandemic Opening Day commitments),pre-pandemic full-year commitment
2020,Boston Red Sox,120361000,thebaseballcube.com (pre-pandemic Opening Day commitments),pre-pandemic full-year commitment
2020,Chicago Cubs,188959500,thebaseballcube.com (pre-pandemic Opening Day commitments),pre-pandemic full-year commitment
2020,Chicago White Sox,120898499,thebaseballcube.com (pre-pandemic Opening Day commitments),pre-pandemic full-year commitment
2020,Cincinnati Reds,143143673,thebaseballcube.com (pre-pandemic Opening Day commitments),pre-pandemic full-year commitment
2020,Cleveland Guardians,89004234,thebaseballcube.com (pre-pandemic Opening Day commitments),pre-pandemic full-year commitment
2020,Colorado Rockies,136399833,thebaseballcube.com (pre-pandemic Opening Day commitments),pre-pandemic full-year commitment
2020,Detroit Tigers,96832300,thebaseballcube.com (pre-pandemic Opening Day commitments),pre-pandemic full-year commitment
2020,Houston Astros,212321933,thebaseballcube.com (pre-pandemic Opening Day commitments),pre-pandemic full-year commitment
2020,Kansas City Royals,83278225,thebaseballcube.com (pre-pandemic Opening Day commitments),pre-pandemic full-year commitment
2020,Los Angeles Angels,176329344,thebaseballcube.com (pre-pandemic Opening Day commitments),pre-pandemic full-year commitment
2020,Los Angeles Dodgers,189065000,thebaseballcube.com (pre-pandemic Opening Day commitments),pre-pandemic full-year commitment
2020,Miami Marlins,47861700,thebaseballcube.com (pre-pandemic Opening Day commitments),pre-pandemic full-year commitment
2020,Milwaukee Brewers,97535926,thebaseballcube.com (pre-pandemic Opening Day commitments),pre-pandemic full-year commitment
2020,Minnesota Twins,127610333,thebaseballcube.com (pre-pandemic Opening Day commitments),pre-pandemic full-year commitment
2020,New York Mets,142288337,thebaseballcube.com (pre-pandemic Opening Day commitments),pre-pandemic full-year commitment
2020,New York Yankees,214291339,thebaseballcube.com (pre-pandemic Opening Day commitments),pre-pandemic full-year commitment
2020,Oakland Athletics,94318433,thebaseballcube.com (pre-pandemic Opening Day commitments),pre-pandemic full-year commitment
2020,Philadelphia Phillies,152877962,thebaseballcube.com (pre-pandemic Opening Day commitments),pre-pandemic full-year commitment
2020,Pittsburgh Pirates,42119000,thebaseballcube.com (pre-pandemic Opening Day commitments),pre-pandemic full-year commitment
2020,San Diego Padres,140317600,thebaseballcube.com (pre-pandemic Opening Day commitments),pre-pandemic full-year commitment
2020,San Francisco Giants,144994027,thebaseballcube.com (pre-pandemic Opening Day commitments),pre-pandemic full-year commitment
2020,Seattle Mariners,70343800,thebaseballcube.com (pre-pandemic Opening Day commitments),pre-pandemic full-year commitment
2020,St. Louis Cardinals,160781766,thebaseballcube.com (pre-pandemic Opening Day commitments),pre-pandemic full-year commitment
2020,Tampa Bay Rays,65812166,thebaseballcube.com (pre-pandemic Opening Day commitments),pre-pandemic full-year commitment
2020,Texas Rangers,137834500,thebaseballcube.com (pre-pandemic Opening Day commitments),pre-pandemic full-year commitment
2020,Toronto Blue Jays,92582371,thebaseballcube.com (pre-pandemic Opening Day commitments),pre-pandemic full-year commitment
2020,Washington Nationals,159242411,thebaseballcube.com (pre-pandemic Opening Day commitments),pre-pandemic full-year commitment
2021,Arizona Diamondbacks,89077233,stevetheump.com (compiled from AP / Spotrac / Cot's),
2021,Atlanta Braves,134459435,stevetheump.com (compiled from AP / Spotrac / Cot's),
2021,Baltimore Orioles,45701135,stevetheump.com (compiled from AP / Spotrac / Cot's),
2021,Boston Red Sox,180261996,stevetheump.com (compiled from AP / Spotrac / Cot's),
2021,Chicago Cubs,149665500,stevetheump.com (compiled from AP / Spotrac / Cot's),
2021,Chicago White Sox,125987500,stevetheump.com (compiled from AP / Spotrac / Cot's),
2021,Cincinnati Reds,118748164,stevetheump.com (compiled from AP / Spotrac / Cot's),
2021,Cleveland Guardians,46833300,stevetheump.com (compiled from AP / Spotrac / Cot's),
2021,Colorado Rockies,103986666,stevetheump.com (compiled from AP / Spotrac / Cot's),
2021,Detroit Tigers,80398600,stevetheump.com (compiled from AP / Spotrac / Cot's),
2021,Houston Astros,171018567,stevetheump.com (compiled from AP / Spotrac / Cot's),
2021,Kansas City Royals,87779400,stevetheump.com (compiled from AP / Spotrac / Cot's),
2021,Los Angeles Angels,177353000,stevetheump.com (compiled from AP / Spotrac / Cot's),
2021,Los Angeles Dodgers,235412876,stevetheump.com (compiled from AP / Spotrac / Cot's),
2021,Miami Marlins,49425000,stevetheump.com (compiled from AP / Spotrac / Cot's),
2021,Milwaukee Brewers,87569366,stevetheump.com (compiled from AP / Spotrac / Cot's),
2021,Minnesota Twins,121003834,stevetheump.com (compiled from AP / Spotrac / Cot's),
2021,New York Mets,167415024,stevetheump.com (compiled from AP / Spotrac / Cot's),
2021,New York Yankees,191205631,stevetheump.com (compiled from AP / Spotrac / Cot's),
2021,Oakland Athletics,74615000,stevetheump.com (compiled from AP / Spotrac / Cot's),
2021,Philadelphia Phillies,174009000,stevetheump.com (compiled from AP / Spotrac / Cot's),
2021,Pittsburgh Pirates,35905000,stevetheump.com (compiled from AP / Spotrac / Cot's),
2021,San Diego Padres,171686600,stevetheump.com (compiled from AP / Spotrac / Cot's),
2021,San Francisco Giants,127889903,stevetheump.com (compiled from AP / Spotrac / Cot's),
2021,Seattle Mariners,64553500,stevetheump.com (compiled from AP / Spotrac / Cot's),
2021,St. Louis Cardinals,135047200,stevetheump.com (compiled from AP / Spotrac / Cot's),
2021,Tampa Bay Rays,60388600,stevetheump.com (compiled from AP / Spotrac / Cot's),
2021,Texas Rangers,84868750,stevetheump.com (compiled from AP / Spotrac / Cot's),
2021,Toronto Blue Jays,137133333,stevetheump.com (compiled from AP / Spotrac / Cot's),
2021,Washington Nationals,161907528,stevetheump.com (compiled from AP / Spotrac / Cot's),
2022,Arizona Diamondbacks,75993333,stevetheump.com (compiled from AP / Spotrac / Cot's),
2022,Atlanta Braves,173935000,stevetheump.com (compiled from AP / Spotrac / Cot's),
2022,Baltimore Orioles,30221166,stevetheump.com (compiled from AP / Spotrac / Cot's),
2022,Boston Red Sox,195166000,stevetheump.com (compiled from AP / Spotrac / Cot's),
2022,Chicago Cubs,130560000,stevetheump.com (compiled from AP / Spotrac / Cot's),
2022,Chicago White Sox,181660734,stevetheump.com (compiled from AP / Spotrac / Cot's),
2022,Cincinnati Reds,99580000,stevetheump.com (compiled from AP / Spotrac / Cot's),
2022,Cleveland Guardians,42310000,stevetheump.com (compiled from AP / Spotrac / Cot's),
2022,Colorado Rockies,129452166,stevetheump.com (compiled from AP / Spotrac / Cot's),
2022,Detroit Tigers,116040000,stevetheump.com (compiled from AP / Spotrac / Cot's),
2022,Houston Astros,163939599,stevetheump.com (compiled from AP / Spotrac / Cot's),
2022,Kansas City Royals,74110000,stevetheump.com (compiled from AP / Spotrac / Cot's),
2022,Los Angeles Angels,169413094,stevetheump.com (compiled from AP / Spotrac / Cot's),
2022,Los Angeles Dodgers,277108333,stevetheump.com (compiled from AP / Spotrac / Cot's),
2022,Miami Marlins,69000000,stevetheump.com (compiled from AP / Spotrac / Cot's),
2022,Milwaukee Brewers,122281128,stevetheump.com (compiled from AP / Spotrac / Cot's),
2022,Minnesota Twins,110859524,stevetheump.com (compiled from AP / Spotrac / Cot's),
2022,New York Mets,253119999,stevetheump.com (compiled from AP / Spotrac / Cot's),
2022,New York Yankees,240290714,stevetheump.com (compiled from AP / Spotrac / Cot's),
2022,Oakland Athletics,32548334,stevetheump.com (compiled from AP / Spotrac / Cot's),
2022,Philadelphia Phillies,221738462,stevetheump.com (compiled from AP / Spotrac / Cot's),
2022,Pittsburgh Pirates,37875000,stevetheump.com (compiled from AP / Spotrac / Cot's),
2022,San Diego Padres,208772618,stevetheump.com (compiled from AP / Spotrac / Cot's),
2022,San Francisco Giants,142292500,stevetheump.com (compiled from AP / Spotrac / Cot's),
2022,Seattle Mariners,92745714,stevetheump.com (compiled from AP / Spotrac / Cot's),
2022,St. Louis Cardinals,150746666,stevetheump.com (compiled from AP / Spotrac / Cot's),
2022,Tampa Bay Rays,75347813,stevetheump.com (compiled from AP / Spotrac / Cot's),
2022,Texas Rangers,134961333,stevetheump.com (compiled from AP / Spotrac / Cot's),
2022,Toronto Blue Jays,168070905,stevetheump.com (compiled from AP / Spotrac / Cot's),
2022,Washington Nationals,114623095,stevetheump.com (compiled from AP / Spotrac / Cot's),
2023,Arizona Diamondbacks,112763571,stevetheump.com (compiled from AP / Spotrac / Cot's),
2023,Atlanta Braves,199727500,stevetheump.com (compiled from AP / Spotrac / Cot's),
2023,Baltimore Orioles,64907966,stevetheump.com (compiled from AP / Spotrac / Cot's),
2023,Boston Red Sox,175783182,stevetheump.com (compiled from AP / Spotrac / Cot's),
2023,Chicago Cubs,180115000,stevetheump.com (compiled from AP / Spotrac / Cot's),
2023,Chicago White Sox,180911666,stevetheump.com (compiled from AP / Spotrac / Cot's),
2023,Cincinnati Reds,86374500,stevetheump.com (compiled from AP / Spotrac / Cot's),
2023,Cleveland Guardians,75010000,stevetheump.com (compiled from AP / Spotrac / Cot's),
2023,Colorado Rockies,166250466,stevetheump.com (compiled from AP / Spotrac / Cot's),
2023,Detroit Tigers,105338500,stevetheump.com (compiled from AP / Spotrac / Cot's),
2023,Houston Astros,180888333,stevetheump.com (compiled from AP / Spotrac / Cot's),
2023,Kansas City Royals,75825000,stevetheump.com (compiled from AP / Spotrac / Cot's),
2023,Los Angeles Angels,204088094,stevetheump.com (compiled from AP / Spotrac / Cot's),
2023,Los Angeles Dodgers,218332634,stevetheump.com (compiled from AP / Spotrac / Cot's),
2023,Miami Marlins,81075000,stevetheump.com (compiled from AP / Spotrac / Cot's),
2023,Milwaukee Brewers,108644960,stevetheump.com (compiled from AP / Spotrac / Cot's),
2023,Minnesota Twins,141271190,stevetheump.com (compiled from AP / Spotrac / Cot's),
2023,New York Mets,334233332,stevetheump.com (compiled from AP / Spotrac / Cot's),
2023,New York Yankees,268954047,stevetheump.com (compiled from AP / Spotrac / Cot's),
2023,Oakland Athletics,43145000,stevetheump.com (compiled from AP / Spotrac / Cot's),
2023,Philadelphia Phillies,232424939,stevetheump.com (compiled from AP / Spotrac / Cot's),
2023,Pittsburgh Pirates,60787500,stevetheump.com (compiled from AP / Spotrac / Cot's),
2023,San Diego Padres,236962024,stevetheump.com (compiled from AP / Spotrac / Cot's),
2023,San Francisco Giants,175590000,stevetheump.com (compiled from AP / Spotrac / Cot's),
2023,Seattle Mariners,129814047,stevetheump.com (compiled from AP / Spotrac / Cot's),
2023,St. Louis Cardinals,147770834,stevetheump.com (compiled from AP / Spotrac / Cot's),
2023,Tampa Bay Rays,64652911,stevetheump.com (compiled from AP / Spotrac / Cot's),
2023,Texas Rangers,183578160,stevetheump.com (compiled from AP / Spotrac / Cot's),
2023,Toronto Blue Jays,205680777,stevetheump.com (compiled from AP / Spotrac / Cot's),
2023,Washington Nationals,79983095,stevetheump.com (compiled from AP / Spotrac / Cot's),
2024,Arizona Diamondbacks,156511716,stevetheump.com (compiled from AP / Spotrac / Cot's),
2024,Atlanta Braves,225315000,stevetheump.com (compiled from AP / Spotrac / Cot's),
2024,Baltimore Orioles,94495168,stevetheump.com (compiled from AP / Spotrac / Cot's),
2024,Boston Red Sox,162324847,stevetheump.com (compiled from AP / Spotrac / Cot's),
2024,Chicago Cubs,216330000,stevetheump.com (compiled from AP / Spotrac / Cot's),
2024,Chicago White Sox,117773333,stevetheump.com (compiled from AP / Spotrac / Cot's),
2024,Cincinnati Reds,88123333,stevetheump.com (compiled from AP / Spotrac / Cot's),
2024,Cleveland Guardians,86433928,stevetheump.com (compiled from AP / Spotrac / Cot's),
2024,Colorado Rockies,134099285,stevetheump.com (compiled from AP / Spotrac / Cot's),
2024,Detroit Tigers,95073933,stevetheump.com (compiled from AP / Spotrac / Cot's),
2024,Houston Astros,237303141,stevetheump.com (compiled from AP / Spotrac / Cot's),
2024,Kansas City Royals,105219570,stevetheump.com (compiled from AP / Spotrac / Cot's),
2024,Los Angeles Angels,158818094,stevetheump.com (compiled from AP / Spotrac / Cot's),
2024,Los Angeles Dodgers,220691666,stevetheump.com (compiled from AP / Spotrac / Cot's),
2024,Miami Marlins,83710000,stevetheump.com (compiled from AP / Spotrac / Cot's),
2024,Milwaukee Brewers,94484960,stevetheump.com (compiled from AP / Spotrac / Cot's),
2024,Minnesota Twins,118886590,stevetheump.com (compiled from AP / Spotrac / Cot's),
2024,New York Mets,301731074,stevetheump.com (compiled from AP / Spotrac / Cot's),
2024,New York Yankees,293666666,stevetheump.com (compiled from AP / Spotrac / Cot's),
2024,Oakland Athletics,47905000,stevetheump.com (compiled from AP / Spotrac / Cot's),
2024,Philadelphia Phillies,236182617,stevetheump.com (compiled from AP / Spotrac / Cot's),
2024,Pittsburgh Pirates,72014000,stevetheump.com (compiled from AP / Spotrac / Cot's),
2024,San Diego Padres,153765453,stevetheump.com (compiled from AP / Spotrac / Cot's),
2024,San Francisco Giants,188767909,stevetheump.com (compiled from AP / Spotrac / Cot's),
2024,Seattle Mariners,129158333,stevetheump.com (compiled from AP / Spotrac / Cot's),
2024,St. Louis Cardinals,164301667,stevetheump.com (compiled from AP / Spotrac / Cot's),
2024,Tampa Bay Rays,88066012,stevetheump.com (compiled from AP / Spotrac / Cot's),
2024,Texas Rangers,221955000,stevetheump.com (compiled from AP / Spotrac / Cot's),
2024,Toronto Blue Jays,221876784,stevetheump.com (compiled from AP / Spotrac / Cot's),
2024,Washington Nationals,95371429,stevetheump.com (compiled from AP / Spotrac / Cot's),
2025,Arizona Diamondbacks,174000000,stevetheump.com (compiled from AP / Spotrac / Cot's),
2025,Atlanta Braves,202000000,stevetheump.com (compiled from AP / Spotrac / Cot's),
2025,Baltimore Orioles,150000000,stevetheump.com (compiled from AP / Spotrac / Cot's),
2025,Boston Red Sox,184000000,stevetheump.com (compiled from AP / Spotrac / Cot's),
2025,Chicago Cubs,184000000,stevetheump.com (compiled from AP / Spotrac / Cot's),
2025,Chicago White Sox,59000000,stevetheump.com (compiled from AP / Spotrac / Cot's),
2025,Cincinnati Reds,103000000,stevetheump.com (compiled from AP / Spotrac / Cot's),
2025,Cleveland Guardians,82000000,stevetheump.com (compiled from AP / Spotrac / Cot's),
2025,Colorado Rockies,112000000,stevetheump.com (compiled from AP / Spotrac / Cot's),
2025,Detroit Tigers,131000000,stevetheump.com (compiled from AP / Spotrac / Cot's),
2025,Houston Astros,204000000,stevetheump.com (compiled from AP / Spotrac / Cot's),
2025,Kansas City Royals,113000000,stevetheump.com (compiled from AP / Spotrac / Cot's),
2025,Los Angeles Angels,192000000,stevetheump.com (compiled from AP / Spotrac / Cot's),
2025,Los Angeles Dodgers,321000000,stevetheump.com (compiled from AP / Spotrac / Cot's),
2025,Miami Marlins,47000000,stevetheump.com (compiled from AP / Spotrac / Cot's),
2025,Milwaukee Brewers,94000000,stevetheump.com (compiled from AP / Spotrac / Cot's),
2025,Minnesota Twins,137000000,stevetheump.com (compiled from AP / Spotrac / Cot's),
2025,New York Mets,315000000,stevetheump.com (compiled from AP / Spotrac / Cot's),
2025,New York Yankees,272000000,stevetheump.com (compiled from AP / Spotrac / Cot's),
2025,Oakland Athletics,55000000,stevetheump.com (compiled from AP / Spotrac / Cot's),
2025,Philadelphia Phillies,278000000,stevetheump.com (compiled from AP / Spotrac / Cot's),
2025,Pittsburgh Pirates,75000000,stevetheump.com (compiled from AP / Spotrac / Cot's),
2025,San Diego Padres,197000000,stevetheump.com (compiled from AP / Spotrac / Cot's),
2025,San Francisco Giants,158000000,stevetheump.com (compiled from AP / Spotrac / Cot's),
2025,Seattle Mariners,138000000,stevetheump.com (compiled from AP / Spotrac / Cot's),
2025,St. Louis Cardinals,122000000,stevetheump.com (compiled from AP / Spotrac / Cot's),
2025,Tampa Bay Rays,73000000,stevetheump.com (compiled from AP / Spotrac / Cot's),
2025,Texas Rangers,206000000,stevetheump.com (compiled from AP / Spotrac / Cot's),
2025,Toronto Blue Jays,233000000,stevetheump.com (compiled from AP / Spotrac / Cot's),
2025,Washington Nationals,100000000,stevetheump.com (compiled from AP / Spotrac / Cot's),
